,,,,,1,,,,,,,,,,,,,,,,,,,Impact Scores,,,,,,,,,,,,,Group A,Group B,,,,,,,,,,,this section is for coding purpose,,,,,,,,,,,,,Used in Col G,,Used in Col H,,,Used in Col R-T,,,,,,Used in Col I-K,,,,,,"Used in Col L, N",,,,
,,,,,,,,,,,Overall (Adults & Children),,,Adults,,,Children,,,,,=Col U * Col Q,=Col V * Col T,,,,,,,,,,,,,,Low- and Middle-Income Countries excluding region of the Americas,Low- and Middle-Income Countries in the Americas,,Antiretroviral Treatment Breakdown Summary,,,,,,,,,,,,,,,,,,,,,,Country,Adult DALYs,,CHildren DALYs,,Countries and territories,"Estimated number of children living with HIV, 2015","# of children receiving ART, 2015","Estimated coverage of children receiving ART (%), 2015",,,HIV RETENTION RATE,,,,,,,OVERALL,OVERALL,OVERALL,OVERALL
Country,WHO Region,Population,Geographical Region,WHO Group,DALY,Adult DALYs,Children DALYs,Retention Rate,Retention Rate (ADULT),Retention Rate (CHILD),# Receiving Treatment,# Needing Treatment,% Treatment Coverage,# Receiving Treatment,# Needing Treatment,% Treatment Coverage,# Receiving Treatment,# Needing Treatment,% Treatment Coverage,Estimated adults (15+) living with HIV,Estimated children (0-14) living with HIV,# Adult Prevalent Cases Receiving Treatment,# Children Prevalent Cases Receiving Treatment,3TC,ABC,AZT,ddl,d4T,EFV,FTC,LPV/r,NVP,TDF,ATV/r,Overall Treatment Impact,,,,,,average of 2013 antiretroviral treatment. ,,,Treatment Regimen Proportion and Efficacy Section,,,,,impact =daly*treatment cover*x/(1-treatment cover*x)/number of drugs,,,,,,Originator Company,Drug(s),Final Impact,,,,,Afghanistan,"9,224.37",Afghanistan,"1,528.18",,Afghanistan,500,26,11.00%,,,Country,All ages,Children (0-14),Adults (15+),Year,,http://apps.who.int/gho/data/node.main.626?lang=en,Estimated antiretroviral therapy coverage among people living with HIV (%),Reported number of people receiving antiretroviral therapy,Cleaned coverage,Cleaned number of people receiving antiretroviral therapy
,,,,,,,,max of RR and 97.14 (1/35),max of RR and 97.14 (1/35),max of RR and 97.14 (1/35),"13,994,244","29,431,538",0.4754846302,=Col L - Col R,=Col M - Col S,=Col O / Col P,"806,383",,Used  2014 values instead of 2010,"47,338,909","4,085,998",22.85%,35.89%,"726,553.57","62,804.29","322,247.27","1,784.81","9,174.83","444,912.29","146,759.50","85,896.66","336,061.67","495,557.51","7,984.31",,,109 COUNTRIES,24 COUNTRIES,,ADULTS,94.66%,,,first line Regimens,Adult proportion,Adult efficacy,Children proportion,Children efficacy,number of drugs,adult x,child x,,,,,,,,,,,Albania,96.60,Albania,1.90,,Albania,,16,,,,Afghanistan,72,60,73,2015,,Country,2015,2015,,
Afghanistan,EMR,"33,736,494.00","East, South and South-East Asia",A,"10,752.55","9,224.37","1,528.18",72.00,73.00,60.00,364.00,"7,280",5.00%,338,"6,780",4.99%,26.00,500.00,11%,"3,500","2,670",174.48,293.73,35.67,3.48,15.83,0.10,0.52,21.36,7.06,4.61,16.43,23.75,0.41,129.23,,Afghanistan,Belize,,First-Line Regimens,90.84%,,,TDF + 3TC + EFV,0.3240,0.7800,0.0000,0.7883,3,0.23,0.00,,,,Shire Pharmaceuticals,3TC,"726,553.57",,,,,Algeria,"11,055.12",Algeria,530.92,,Algeria,500,582,95.00%,,,Albania,92,100,92,2015,,Afghanistan,5 [3-12],364,5.00%,364.00
Albania,EUR,"2,880,703.00",Europe and Central Asia,A,98.50,96.60,1.90,92.00,92.00,97.14,423.00,,0.00%,407,,0.00%,16.00,,,,,,,0.00,0.00,0.00,0.00,0.00,0.00,0.00,0.00,0.00,0.00,0.00,0.00,,Albania,Bolivia,,Second-Line Regimens,9.17%,,,TDF + FTC + EFV,0.2240,0.7714,0.0000,0.7989,3,0.16,0.00,,,,Boehringer Ingelheim,NVP,"336,061.67",,,,,American Samoa,25.85,American Samoa,2.67,,Andorra,,,,,,Algeria,92,77,92,2015,,Albania,No data,423,,423.00
Algeria,AFR,"39,871,528.00",Middle East and North Africa,A,"11,586.04","11,055.12",530.92,92.00,92.00,77.00,"7,915.00","8,794",90.00%,"7,333","8,294",88.41%,582.00,500.00,95%,"37,589","2,036","33,231.81","1,934.04",186.17,3.71,70.80,0.09,0.46,140.01,49.13,15.75,77.09,164.99,2.51,710.73,,Algeria,Brazil,,,,,,AZT + 3TC + NVP,0.2010,0.8193,0.4300,0.8193,3,0.15,0.31,,,,Bristol-Myers Squibb,"ddl, d4T, ATV/r","18,943.95",,,,,Andean Latin America,"83,368.23",Andean Latin America,886.82,,Angola,"25,000","6,032",24.00%,,,Antigua and Barbuda,100,,,2015,,Algeria,90 [70->95],7 915,90.00%,"7,915.00"
American Samoa,WPR,"55,537.00",,A,28.52,25.85,2.67,97.14,97.14,97.14,,,36.37%,,,36.37%,,, ,,,,,0.00,0.00,0.00,0.00,0.00,0.00,0.00,0.00,0.00,0.00,0.00,0.00,,American Samoa,Colombia,,,,,,TDF + 3TC + NVP,0.1310,0.7500,0.0000,0.6550,3,0.09,0.00,,,,Merck,EFV,"444,912.29",,,,,Andorra,83.20,Andorra,0.17,,Antigua and Barbuda,,,,,,Argentina,66,,,2015,,Andorra,High-income country,No data,,
Andorra,EUR,"78,014.00",,A,83.37,83.20,0.17,97.14,97.14,97.14,,,36.37%,,,36.37%,,,,,,,,0.18,0.00,0.07,0.00,0.00,0.14,0.05,0.01,0.07,0.17,0.00,0.69,,Angola,Costa Rica,,CHILDREN,5.35%,,,AZT + 3TC + EFV,0.0850,0.7300,0.0800,0.7067,3,0.06,0.05,,,,"Gilead Sciences, Inc","FTC, TDF","642,317.02",,,,,Angola,"485,015.90",Angola,"163,935.50",,Argentina,1000,"1,597",95.00%,,,Armenia,85,100,85,2015,,Angola,29 [20-40],90 204,29.00%,"90,204.00"
Angola,AFR,"27,859,305.00",Sub-Saharan Africa,A,"648,951.40","485,015.90","163,935.50",97.14,97.14,97.14,"90,204.00","311,048",29.00%,"84,172","286,048",29.43%,"6,032.00","25,000.00",24%,"190,000","28,000","55,909.02","6,720.00","1,085.33",84.82,466.43,2.46,12.55,689.47,232.40,128.13,489.16,780.41,13.09,"3,984.25",,Armenia,Cuba,,First-Line Regimens,89.33%,,,Others TDF based,0.0080,0.7512,0.0000,0.5000,1,0.01,0.00,,,,Abbot Laboratories,LPV/r,"85,896.66",,,,,Antigua and Barbuda,388.67,Antigua and Barbuda,25.18,,Armenia,,24,,,,Azerbaijan,91,90,91,2015,,Antigua and Barbuda,High-income country,No data,,
Anguilla,AMR,"14,723.00",,B,0.00,0.00,0.00,97.14,97.14,97.14,,,36.37%,,,36.37%,,,,,,,,0.00,0.00,0.00,0.00,0.00,0.00,0.00,0.00,0.00,0.00,0.00,0.00,,Azerbaijan,Dominica,,Second-Line Regimens,10.68%,,,Others,0.0270,0.7512,0.0200,0.5000,,0.02,0.01,,,,GlaxoSmithKline,"ABC, AZT","385,051.56",,,,,Argentina,"73,886.85",Argentina,"4,439.63",,Australia,100,19,90.00%,,,Bahamas,91,100,91,2015,,Argentina,64 [58-70],70 530,64.00%,"70,530.00"
Antigua and Barbuda,AMR,"99,923.00",,B,413.85,388.67,25.18,97.14,97.14,97.14,,,36.37%,,,36.37%,,,,,,,,0.83,0.00,0.31,0.00,0.00,0.64,0.23,0.07,0.34,0.77,0.01,3.20,,Bangladesh,Dominican Republic,,,,,,ABC + 3TC + LPV/r,0.0000,0.6300,0.1400,0.6300,3,0.00,0.08,,,,,,,,,,,Armenia,773.96,Armenia,2.98,,Austria,,,,,,Bahrain,48,,48,2015,,Armenia,26 [21-35],941,26.00%,941.00
Argentina,AMR,"43,417,765.00",Latin America and the Caribbean,B,"78,326.48","73,886.85","4,439.63",66.00,97.14,97.14,"70,530.00","110,203",64.00%,"68,933","109,203",63.12%,"1,597.00","1,000.00",95%,"93,000","3,318","58,705.00","3,152.36","3,783.18",122.26,"1,502.67",3.14,16.20,"2,719.59",953.98,350.74,"1,618.61","3,192.02",50.93,"14,313.30",,Belarus,Ecuador,,,,,,ABC + 3TC + EFV,0.0000,0.6948,0.1300,0.7298,3,0.00,0.08,,,,Overall Impact for HIV drugs,,"2,639,736.71",,,,,Australasia,"5,286.51",Australasia,185.27,,Azerbaijan,100,73,83.00%,,,Bangladesh,80,90,79,2015,,Australia,90 [82->95],24 169,90.00%,"24,169.00"
Armenia,EUR,"2,916,950.00",Europe and Central Asia,A,776.95,773.96,2.98,85.00,85.00,97.14,941.00,"3,619",26.00%,917,"3,619",25.34%,24.00,,,"3,200",197,810.78,0.00,5.91,0.02,2.21,0.00,0.00,4.55,1.66,0.50,2.42,5.51,0.09,22.88,,Benin,El Salvador,,,,,,ABC + 3TC + NVP,0.0000,0.7512,0.0700,0.5000,3,0.00,0.03,,,,,,,,,,,Australia,"4,679.18",Australia,164.20,,Bahamas,100,49,89.00%,,,Barbados,82,,82,2015,,Austria,High-income country,No data,,
Aruba,AMR,"104,341.00",,B,0.00,0.00,0.00,97.14,97.14,97.14,,,36.37%,,,36.37%,,,,,,,,0.00,0.00,0.00,0.00,0.00,0.00,0.00,0.00,0.00,0.00,0.00,0.00,,Bhutan,Grenada,,,,,,d4T + 3TC + NVP,0.0000,0.8430,0.0300,0.8430,3,0.00,0.02,,,,,,,,,,,Austria,"2,459.37",Azerbaijan,54.72,,Bahrain,,,,,,Belarus,87,,,2015,,Azerbaijan,28 [20-39],3 033,28.00%,"3,033.00"
Australia,WPR,"23,789,338.00",,A,"4,843.38","4,679.18",164.20,97.14,97.14,97.14,"24,169.00","26,854",90.00%,"24,150","26,754",90.27%,19.00,100.00,90%,"2,261",,"2,040.72",,28.29,0.42,10.59,0.01,0.05,21.62,7.62,2.33,11.58,25.57,0.39,108.46,,Bosnia and Herzegovina,Guatemala,,,,,,d4T + 3TC + LPV/r,0.0000,0.7512,0.0200,0.5000,3,0.00,0.01,,,,"Treatment Coverage By Region, Age Group & Sex (2010 data)",,,,"% Necessary for missing data (Columns K, N, Q)",,,Azerbaijan,"4,968.92",Bahrain,26.57,,Bangladesh,500,90,31.00%,,,Bhutan,100,,,2015,,Bahamas,37 [34-41],2 992,37.00%,"2,992.00"
Austria,EUR,"8,633,169.00",Europe and Central Asia,A,"2,459.37","2,459.37",0.00,97.14,97.14,97.14,,,0.00%,,,0.00%,,,,"11,491",15,0.00,0.00,0.00,0.00,0.00,0.00,0.00,0.00,0.00,0.00,0.00,0.00,0.00,0.00,,Botswana,Guyana,,,,Adults 1st line,77.68%,AZT + 3TC + LPV/r,0.0000,0.5000,0.0200,0.5000,3,0.00,0.01,,,,Region,Overall,Children,Women,Overall,Children,,Bahrain,983.65,Bangladesh,"1,215.90",,Barbados,,8,,,,Bolivia (Plurinational State of),77,75,77,2015,,Bahrain,High-income country,No data,,
Azerbaijan,EUR,"9,649,341.00",Europe and Central Asia,A,"5,023.64","4,968.92",54.72,91.00,91.00,90.00,"3,033.00","10,832",28.00%,"2,960","10,732",27.58%,73.00,100.00,83%,"9,900",650,"2,730.49",539.75,25.93,0.41,9.97,0.01,0.05,19.37,7.00,2.33,10.85,23.24,0.40,99.55,,Bulgaria,Haiti,,,,Adults 2nd line,71.95%,TDF + 3TC + NVP,0.0000,0.7500,0.0100,0.6550,3,0.00,0.01,,,,Global,47.00%,23.00%,48.00%,36.37%,22.35%,,Bangladesh,"13,423.63",Barbados,60.37,,Belarus,500,218,94.00%,,,Bosnia and Herzegovina,100,,100,2015,,Bangladesh,15 [13-18],1 483,15.00%,"1,483.00"
Bahamas,AMR,"386,838.00",,B,0.00,0.00,0.00,91.00,91.00,97.14,"2,992.00","8,086",37.00%,"2,943","7,986",36.85%,49.00,100.00,89%,"6,800",58,"2,505.78",51.21,0.00,0.00,0.00,0.00,0.00,0.00,0.00,0.00,0.00,0.00,0.00,0.00,,Burkina Faso,Honduras,,,,Children 1st line,68.88%,,,,,,,,,,,,Sub-Saharan Africa,49.00%,21.00%,50.00%,35.84%,0.00%,,Barbados,"1,087.00",Belarus,55.90,,Belgium,,,,,,Brazil,77,,77,2015,,Barbados,43 [40-47],1 139,43.00%,"1,139.00"
Bahrain,EMR,"1,371,855.00",,A,"1,010.22",983.65,26.57,48.00,48.00,97.14,,,36.37%,,,36.37%,,,,,,,,38.03,0.15,14.14,0.00,0.00,29.42,10.71,3.19,15.53,35.53,0.60,147.31,,Burundi,Jamaica,,,,Children 2nd line,71.00%,second line Regimens,Adult proportion,Adult efficacy,Children proportion,Children efficacy,number of drugs,adult x,child x,,,,Eastern & Southern Africa,56.00%,26.00%,64.00%,36.37%,22.35%,,Belarus,"25,524.06",Belgium,138.21,,Belize,200,90,80.00%,,,Bulgaria,78,71,78,2015,,Belarus,20 [16-24],7 392,20.00%,"7,392.00"
Bangladesh,SEA,"161,200,886.00","East, South and South-East Asia",A,"14,639.53","13,423.63","1,215.90",80.00,79.00,90.00,"1,483.00","9,887",15.00%,"1,393","9,387",14.84%,90.00,500.00,31%,"6,800","15,079","1,009.13","4,674.47",96.37,5.81,40.35,0.16,0.84,64.00,22.17,10.71,42.69,74.03,1.28,358.42,,Cambodia,Mexico,,,,Weighted average,76.73%,TDF + 3TC + LPV/r,0.4500,0.8300,0.2400,0.8300,3,0.03,0.02,,,,Western & Central Africa,30.00%,9.00%,18.00%,36.37%,22.35%,,Belgium,"2,829.54",Belize,374.14,,Benin,"4,800","1,845",39.00%,,,Burundi,90,93,90,2015,,Belgium,High-income country,No data,,
Barbados,AMR,"284,217.00",,B,"1,147.37","1,087.00",60.37,82.00,82.00,97.14,"1,139.00","2,649",43.00%,"1,131","2,649",42.70%,8.00,,,"1,400",42,597.77,0.00,17.26,0.07,6.40,0.00,0.00,13.38,4.86,1.44,7.03,16.13,0.27,66.84,,Cameroon,Nicaragua,,,,,,AZT + 3TC + LPV/r,0.2000,0.5000,0.1800,0.5000,3,0.01,0.01,,,,Latin America and the Caribbean,63.00%,39.00%,59.00%,100.00%,100.00%,,Belize,"4,533.94",Benin,"35,926.87",,Bhutan,,,,,,Cambodia,79,84,78,2015,,Belize,46 [41-52],1 639,46.00%,"1,639.00"
Belarus,EUR,"9,489,616.00",Europe and Central Asia,A,"25,579.96","25,524.06",55.90,87.00,97.14,97.14,"7,392.00","36,960",20.00%,"7,174","36,460",19.68%,218.00,500.00,94%,"22,000",640,"4,328.80",601.17,131.78,1.05,49.84,0.01,0.08,100.31,36.61,11.52,54.48,121.23,2.09,509.00,,Cape Verde,Panama,,,,,,TDF + 3TC + ATV/r,0.0900,0.6500,0.0000,0.6500,3,0.01,0.00,,,,Latin America,64.00%,44.00%,64.00%,36.37%,22.35%,,Benin,"102,444.20",Bermuda,10.71,,Bolivia (Plurinational State of),500,173,48.00%,,,Cameroon,60,,,2015,,Benin,49 [38-65],33 602,49.00%,"33,602.00"
Belgium,EUR,"11,274,196.00",Europe and Central Asia,A,"2,967.75","2,829.54",138.21,97.14,97.14,97.14,,,0.00%,,,0.00%,,,,"15,006",20,0.00,0.00,0.00,0.00,0.00,0.00,0.00,0.00,0.00,0.00,0.00,0.00,0.00,0.00,,Central African Republic,Paraguay,,,,,,TDF + FTC + LPV/r,0.0800,0.6520,0.0000,0.7125,3,0.00,0.00,,,,The Caribbean,60.00%,25.00%,46.00%,36.37%,22.35%,,Bermuda,412.58,Bhutan,221.06,,Bosnia and Herzegovina,,1,,,,Cape Verde,96,97,96,2015,,Bhutan,No data,No data,,
Belize,AMR,"359,288.00",Latin America and the Caribbean,B,"4,908.08","4,533.94",374.14,97.14,97.14,97.14,"1,639.00","3,563",46.00%,"1,549","3,363",46.06%,90.00,200.00,80%,"2,800",27,"1,289.67",21.97,14.65,0.69,6.04,0.02,0.10,10.05,3.49,1.48,6.44,11.68,0.19,54.83,,Chad,Peru,,,,,,AZT + 3TC + ATV/r,0.0300,0.7570,0.0000,0.7570,3,0.00,0.00,,,,"East, South and South-East Asia",39.00%,39.00%,16.00%,25.18%,45.37%,,Bhutan,704.68,Bolivia,23.28,,Botswana,"8,500","8,490",95.00%,,,Chile,97,,97,2015,,Bolivia (Plurinational State of),29 [18-39],5 274,29.00%,"5,274.00"
Benin,AFR,"10,575,952.00",Sub-Saharan Africa,A,"138,371.07","102,444.20","35,926.87",97.14,97.14,97.14,"33,602.00","68,576",49.00%,"31,757","63,776",49.79%,"1,845.00","4,800.00",39%,"61,000","9,400","30,374.94","3,666.00",400.56,30.52,171.85,0.87,4.48,256.00,85.84,46.00,180.47,289.01,4.68,"1,470.30",,China,Saint Lucia,,,,,,ABC + 3TC + LPV/r,0.0300,0.6300,0.2400,0.6300,3,0.00,0.02,,,,Europe and Central Asia,23.00%,65.00%,79.00%,0.00%,100.00%,,Bolivia,"4,419.86",Bosnia and Herzegovina,3.25,,Brazil,"7,500","5,657",76.00%,,,China,87,89,87,2015,,Bosnia and Herzegovina,No data,126,,126.00
Bermuda,AMR,"65,235.00",,B,423.29,412.58,10.71,97.14,97.14,97.14,,,36.37%,,,36.37%,,,,,,,,0.88,0.00,0.33,0.00,0.00,0.68,0.25,0.07,0.36,0.82,0.01,3.40,,Comoros,Saint Vincent and the Grenadines,,,,,,AZT + 3TC + TDF + LPV/r,0.0200,0.7785,0.0000,0.8340,4,0.00,0.00,,,,Middle East and North Africa,10.00%,5.00%,4.00%,0.00%,0.00%,,Bosnia and Herzegovina,137.42,Botswana,"44,678.92",,Brunei Darussalam,,,,,,Colombia,68,66,68,2015,,Botswana,78 [73-83],272 972,78.00%,"272,972.00"
Bhutan,SEA,"787,386.00","East, South and South-East Asia",A,925.74,704.68,221.06,97.14,97.14,97.14,,,25.18%,,,25.18%,,,,"1,000",65,251.80,0.00,1.02,0.00,0.38,0.00,0.00,0.79,0.29,0.09,0.42,0.95,0.02,3.95,,Cote d'Ivoire,Suriname,,,,,,TDF + FTC + ATV/r,0.0200,0.7942,0.0000,0.7942,3,0.00,0.00,,,,,,,,,,,Botswana,"411,632.00",Brazil,"46,066.48",,Bulgaria,,5,,,,Cote d'Ivoire,76,,,2015,,Brazil,55 [41-74],457 886,55.00%,"457,886.00"
Bolivia,AMR,"10,724,705.00",Latin America and the Caribbean,B,"4,443.14","4,419.86",23.28,97.14,97.14,97.14,,,36.37%,,,100.00%,,,,"16,000",820,"16,000.00",0.00,28.96,0.10,10.45,0.00,0.00,22.92,8.11,2.20,11.54,27.25,0.41,111.94,,Democratic Republic of the Congo,,,,,,,ABC + 3TC + ATV/r,0.0100,0.7785,0.0000,0.8340,3,0.00,0.00,,,,,,,,,,,Brazil,"910,360.70",Brunei,7.10,,Burkina Faso,"7,700","2,349",31.00%,,,Croatia,93,100,93,2015,,Brunei Darussalam,High-income country,No data,,
"Bonaire, Saint Eustatius and Saba",AMR,,,B,0.00,0.00,0.00,97.14,97.14,97.14,,,36.37%,,,36.37%,,,,,,,,0.00,0.00,0.00,0.00,0.00,0.00,0.00,0.00,0.00,0.00,0.00,0.00,,Djibouti,,,,,,,Others,0.0700,0.7785,0.1200,0.8340,,0.00,0.01,,,,,,,,,,,Brunei,154.30,Bulgaria,111.40,,Burundi,"9,100","2,654",29.00%,,,Cuba,96,100,96,2015,,Bulgaria,No data,824,,824.00
Bosnia and Herzegovina,EUR,"3,535,961.00",Europe and Central Asia,A,140.67,137.42,3.25,97.14,97.14,97.14,126.00,,0.00%,125,,0.00%,1.00,,,,,,,0.00,0.00,0.00,0.00,0.00,0.00,0.00,0.00,0.00,0.00,0.00,0.00,,Egypt,,,,,,,AZT + ddl + LPV/r,0.0000,0.7785,0.0500,0.8340,3,0.00,0.00,,,,,,,,,,,Bulgaria,"2,487.55",Burkina Faso,"53,458.29",,Cabo Verde,200,65,47.00%,,,Democratic Republic of the Congo,86,,,2015,,Burkina Faso,55 [45-67],52 304,55.00%,"52,304.00"
Botswana,AFR,"2,209,197.00",Sub-Saharan Africa,A,"456,310.92","411,632.00","44,678.92",97.14,97.14,97.14,"272,972.00","349,964",78.00%,"264,482","341,464",77.46%,"8,490.00","8,500.00",95%,"310,000","11,000","240,111.39","10,450.00","2,332.29",99.98,947.07,2.66,13.72,"1,630.74",562.14,223.15,"1,013.53","1,889.84",29.30,"8,744.41",,Eritrea,,,,,,,AZT + 3TC + IDV/r,0.0000,0.7785,0.0400,0.8340,3,0.00,0.00,,,,,,,,,,,Burkina Faso,"134,589.20",Burundi,"58,894.30",,Cambodia,,,,,,Djibouti,86,67,86,2015,,Burundi,54 [43-65],42 169,54.00%,"42,169.00"
Brazil,AMR,"205,962,108.00",Latin America and the Caribbean,B,"956,427.18","910,360.70","46,066.48",77.00,77.00,97.14,"457,886.00","832,520",55.00%,"452,229","825,020",54.81%,"5,657.00","7,500.00",76%,"557,400","15,741","305,534.95","11,963.16","26,289.59",698.93,"10,268.91",17.60,90.67,"19,233.00","6,809.37","2,405.37","11,107.32","22,729.25",368.48,"100,018.50",,Ethiopia,,,,,,,AZT + 3TC + EFV + LPV/r,0.0000,0.7785,0.0400,0.8340,4,0.00,0.00,,,,,,,,,,,Burundi,"156,313.80",Cambodia,"9,475.15",,Cameroon,"39,000","7,096",18.00%,,,Dominica,100,,100,2015,,CÃ´te d'Ivoire,35 [30-40],161 173,35.00%,"161,173.00"
British Virgin Islands,AMR,"30,113.00",,B,0.00,0.00,0.00,97.14,97.14,97.14,,,36.37%,,,36.37%,,,,,,,,0.00,0.00,0.00,0.00,0.00,0.00,0.00,0.00,0.00,0.00,0.00,0.00,,Fiji,,,,,,,ABC + ddl + LPV/r,0.0000,0.6520,0.0300,0.6520,3,0.00,0.00,,,,,,,,,,,Cambodia,"117,498.30",Cameroon,"282,119.70",,Canada,,,,,,Dominican Republic,95,99,95,2015,,Cabo Verde,42 [35-51],1 355,42.00%,"1,355.00"
Brunei Darussalam,WPR,"417,542.00",,A,0.00,0.00,0.00,97.14,97.14,97.14,,,36.37%,,,36.37%,,,,,,,,0.00,0.00,0.00,0.00,0.00,0.00,0.00,0.00,0.00,0.00,0.00,0.00,,Gabon,,,,,,,d4T + 3TC + NVP,0.0000,0.8430,0.0200,0.8430,3,0.00,0.00,,,,,,,,,,,Cameroon,"1,534,503.00",Canada,300.63,,Central African Republic,"9,400","2,403",25.00%,,,Egypt,80,94,80,2015,,Cambodia,74 [67-82],54 929,74.00%,"54,929.00"
Bulgaria,EUR,"7,177,991.00",Europe and Central Asia,A,"2,598.95","2,487.55",111.40,78.00,78.00,71.00,824.00,,0.00%,819,,0.00%,5.00,,,"9,554",13,0.00,0.00,0.00,0.00,0.00,0.00,0.00,0.00,0.00,0.00,0.00,0.00,0.00,0.00,,Gambia,,,,,,,AZT + 3TC + NVP,0.0000,0.8193,0.0200,0.8193,3,0.00,0.00,,,,,,,,,,,Canada,"16,082.53",Cape Verde,286.20,,Chad,"18,000","3,838",22.00%,,,El Salvador,83,63,83,2015,,Cameroon,27 [24-30],168 249,27.00%,"168,249.00"
Burkina Faso,AFR,"18,110,624.00",Sub-Saharan Africa,A,"188,047.49","134,589.20","53,458.29",97.14,97.14,97.14,"52,304.00","95,098",55.00%,"49,955","87,398",57.16%,"2,349.00","7,700.00",31%,"92,000","24,000","52,585.30","7,440.00",577.01,36.29,239.96,1.03,5.29,385.23,131.04,62.55,254.10,440.49,7.06,"2,140.06",,Georgia,,,,,,,AZT + ABC + 3TC + LPV/r,0.0000,0.7785,0.0100,0.8340,4,0.00,0.00,,,,,,,,,,,Cape Verde,"4,797.90",Caribbean,"56,044.07",,Chile,,144,,,,Eritrea,79,95,77,2015,,Canada,High-income country,No data,,
Burundi,AFR,"10,199,270.00",Sub-Saharan Africa,A,"215,208.10","156,313.80","58,894.30",90.00,90.00,93.00,"42,169.00","78,091",54.00%,"39,515","68,991",57.28%,"2,654.00","9,100.00",29%,"72,000","19,000","41,238.58","5,510.00","2,295.02",131.43,943.38,3.73,19.07,"1,557.47",533.36,243.00,"1,002.38","1,790.82",28.75,"8,548.40",,Ghana,,,,,,,,,,,,,,,,,,,,,,,,,Caribbean,"518,067.10",Central African Republic,"61,045.54",,China,,,,,,Fiji,59,,59,2015,,Central African Republic,24 [21-27],28 303,24.00%,"28,303.00"
Cambodia,WPR,"15,517,635.00","East, South and South-East Asia",A,"126,973.45","117,498.30","9,475.15",79.00,78.00,84.00,"54,929.00","74,228",74.00%,"54,929","74,228",74.00%,,,,"74,000","1,228","54,760.00",0.00,"3,983.28",14.90,"1,457.17",0.00,0.00,"3,121.97","1,118.96",316.20,"1,605.41","3,736.78",58.66,"15,413.33",,Guinea,,,,,,Priority,Determination,,Key,,,,,,,,,,,,,,,,Central African Republic,"379,740.60",Central Asia,"2,821.52",,Colombia,"1,400",,,,,Finland,94,,,2015,,Chad,36 [29-46],59 622,36.00%,"59,622.00"
Cameroon,AFR,"22,834,522.00",Sub-Saharan Africa,A,"1,816,622.70","1,534,503.00","282,119.70",60.00,97.14,97.14,"168,249.00","623,144",27.00%,"161,153","584,144",27.59%,"7,096.00","39,000.00",18%,"530,000","60,000","146,215.70","10,800.00","38,770.32","1,603.06","15,553.80",44.31,226.35,"27,271.74","9,613.16","3,946.17","16,660.73","32,035.35",543.11,"146,268.09",,Guinea-Bissau,,,,,,#1,Original Data Point(s),is original,Blue,,,,,,,,,,,,,,,,Central Asia,"88,409.82",Central Europe,"1,444.03",,Comoros,,,,,,Gambia,83,,,2015,,Chile,87 [59->95],28 082,87.00%,"28,082.00"
Canada,AMR,"35,848,610.00",,B,"16,383.16","16,082.53",300.63,97.14,97.14,97.14,,,36.37%,,,36.37%,,,,"120,586",191,"43,858.95",0.00,34.20,0.14,12.72,0.00,0.00,26.46,9.63,2.87,13.97,31.95,0.54,132.47,,India,,,,,,#2,Average of all data points for that regimen,"is specific to that regimen, but not quadrant",Pink,,,,,,,,,,,,,,,,Central Europe,"19,248.96","Central Europe, Eastern Europe, and Central Asia","48,320.00",,Congo,,,,,,Georgia,84,75,84,2015,,China,No data,No data,,
Cape Verde,AFR,"532,913.00",Sub-Saharan Africa,A,"5,084.10","4,797.90",286.20,96.00,96.00,97.00,,,36.37%,,,35.84%,,,,"1,000",360,358.35,0.00,14.05,0.06,5.23,0.00,0.00,10.87,3.96,1.18,5.74,13.12,0.22,54.41,,Indonesia,,,,,,#3,"Average of all original data points of that quadrant. An example of a quadrant is ""second-line adults"" or ""first-line children""",is average of listed drugs in second or first line regimen,Cyan,,,,,,,,,,,,,,,,"Central Europe, Eastern Europe, and Central Asia","1,470,441.00",Central Latin America,"38,369.06",,Cook Islands,,,,,,Greece,97,100,97,2015,,Colombia,No data,No data,,
Cayman Islands,AMR,"59,963.00",,B,0.00,0.00,0.00,97.14,97.14,97.14,,,36.37%,,,36.37%,,,,,,,,0.00,0.00,0.00,0.00,0.00,0.00,0.00,0.00,0.00,0.00,0.00,0.00,,Iran,,,,,,,,,,,,,,,,,,,,,,,,,Central Latin America,"573,581.00",Central Sub-Saharan Africa,"854,564.90",,Costa Rica,200,65,53.00%,,,Grenada,57,,57,2015,,Comoros,No data,No data,,
Central African Republic,AFR,"4,546,100.00",Sub-Saharan Africa,A,"440,786.14","379,740.60","61,045.54",97.14,97.14,97.14,"28,303.00","117,929",24.00%,"25,900","108,529",23.86%,"2,403.00","9,400.00",25%,"190,690","3,069","45,507.38",767.36,620.38,33.75,255.79,0.95,4.87,420.49,146.28,66.92,271.76,488.39,8.31,"2,317.88",,Iraq,,,,,,,,,,,,,,,,,,,,,,,,,Central Sub-Saharan Africa,"2,642,656.00",Chad,"131,695.40",,Cote d'Ivoire,"29,000","6,945",24.00%,,,Guatemala,89,86,89,2015,,Congo,No data,No data,,
Chad,AFR,"14,009,413.00",Sub-Saharan Africa,A,"513,923.70","382,228.30","131,695.40",97.14,97.14,97.14,"59,622.00","165,617",36.00%,"55,784","147,617",37.79%,"3,838.00","18,000.00",22%,"180,000","34,000","68,021.59","7,480.00","1,037.43",63.30,430.89,1.81,9.24,693.90,238.37,113.73,456.47,798.43,13.25,"3,856.83",,Jordan,,,,,,,,,,,,,,,,,,,,,,,,,Chad,"382,228.30",Chile,684.72,,Croatia,,3,,,,Guyana,78,87,78,2015,,Cook Islands,No data,No data,,
Chile,AMR,"17,762,681.00",Latin America and the Caribbean,B,"21,904.02","21,219.30",684.72,97.00,97.00,97.14,"28,082.00","32,278",87.00%,"27,938","32,278",86.55%,144.00,,,"36,000","1,358","31,159.40",0.00,123.02,0.45,44.72,0.00,0.00,96.86,34.51,9.57,49.32,115.57,1.77,475.80,,Kazakhstan,,,,,,,,,,,,,,,,,,,,,,,,,Chile,"21,219.30",China,"117,566.90",,Cuba,100,29,95.00%,,,Honduras,83,80,83,2015,,Costa Rica,56 [50-62],5 623,56.00%,"5,623.00"
China,WPR,"1,371,220,000.00","East, South and South-East Asia",A,"1,911,023.90","1,793,457.00","117,566.90",87.00,87.00,89.00,,,25.18%,,,25.18%,,,,"703,479","7,238","177,139.25",0.00,"11,785.55",47.88,"4,402.36",0.00,0.00,"9,084.85","3,320.23","1,004.00","4,828.64","10,997.43",188.28,"45,659.22",,Kenya,,,,,,,,,,,,,,,,,,,,,,,,,China,"1,793,457.00",Colombia,"6,073.54",,Cyprus,,,,,,Iran (Islamic Republic of),80,80,80,2015,,Croatia,High-income country,924,,924.00
"China, Hong Kong SAR",WPR,"7,305,700.00",,A,0.00,0.00,0.00,97.14,97.14,97.14,,,36.37%,,,36.37%,,,,,,,,0.00,0.00,0.00,0.00,0.00,0.00,0.00,0.00,0.00,0.00,0.00,0.00,,Kiribati,,,,,,,,,,,,,,,,,,,,,,,,,Colombia,"111,581.60",Comoros,135.29,,Czech Republic,,,,,,Jamaica,60,100,60,2015,,Cuba,69 [59-75],15 083,69.00%,"15,083.00"
"China, Macao SAR",WPR,"600,942.00",,A,0.00,0.00,0.00,97.14,97.14,97.14,,,36.37%,,,36.37%,,,,,,,,0.00,0.00,0.00,0.00,0.00,0.00,0.00,0.00,0.00,0.00,0.00,0.00,,Kyrgyzstan,,,,,,,,,,,,,,,,,,,,,,,,,Comoros,877.15,Congo,"68,989.94",,Democratic People's Republic of Korea,,,,,,Jordan,73,,73,2015,,Cyprus,High-income country,No data,,
Colombia,AMR,"48,228,697.00",Latin America and the Caribbean,B,"117,655.14","111,581.60","6,073.54",68.00,68.00,66.00,,,100.00%,,,100.00%,,"1,400.00",,"140,000","3,686","140,000.00",0.00,"8,179.98",29.15,"2,952.23",0.00,0.00,"6,473.20","2,290.53",622.53,"3,259.94","7,697.88",114.83,"31,620.27",,Lao People's Democratic Republic,,,,,,,,,,,,,,,,,,,,,,,,,Congo,"203,664.30",Costa Rica,460.28,,Democratic Republic of the Congo,"42,000","9,185",22.00%,,,Kazakhstan,75,91,74,2015,,Czechia,High-income country,No data,,
Comoros,AFR,"777,424.00",Sub-Saharan Africa,A,"1,012.44",877.15,135.29,97.14,97.14,97.14,,,35.84%,,,35.84%,,,,"32,610",525,"11,685.79",0.00,1.84,0.01,0.68,0.00,0.00,1.42,0.52,0.15,0.75,1.72,0.03,7.11,,Lebanon,,,,,,,,,,,,,,,,,,,,,,,,,Costa Rica,"6,931.14",Cote d'Ivoire,"266,722.70",,Denmark,,,,,,Kenya,81,,,2015,,Democratic People's Republic of Korea,No data,No data,,
Congo,AFR,"4,995,648.00",Sub-Saharan Africa,A,"272,654.24","203,664.30","68,989.94",97.14,97.14,97.14,,,35.84%,,,35.84%,,,,"63,000","14,000","22,576.21",0.00,426.33,1.70,158.60,0.00,0.00,329.78,120.07,35.79,174.13,398.26,6.70,"1,651.36",,Lesotho,,,,,,,,,,,,,,,,,,,,,,,,,Cote d'Ivoire,"978,347.40",Croatia,21.32,,Djibouti,1000,74,8.00%,,,Kiribati,89,100,86,2015,,Democratic Republic of the Congo,33 [26-40],122 268,33.00%,"122,268.00"
Cook Islands,WPR,"18,800.00",Oceania,A,0.00,0.00,0.00,97.14,97.14,97.14,,,36.37%,,,36.37%,,,,,,,,0.00,0.00,0.00,0.00,0.00,0.00,0.00,0.00,0.00,0.00,0.00,0.00,,Liberia,,,,,,,,,,,,,,,,,,,,,,,,,Croatia,276.07,Cuba,712.75,,Dominica,,,,,,Kyrgyzstan,76,89,74,2015,,Denmark,High-income country,No data,,
Costa Rica,AMR,"4,807,852.00",Latin America and the Caribbean,B,"7,391.42","6,931.14",460.28,97.14,97.14,97.14,"5,623.00","10,041",56.00%,"5,558","9,841",56.48%,65.00,200.00,53%,"8,900",367,"5,026.51",194.75,25.39,0.61,9.80,0.02,0.08,18.78,6.66,2.30,10.63,22.23,0.36,96.85,,Libya,,,,,,,,,,,,,,,,,,,,,,,,,Cuba,"15,270.30",Cyprus,0.87,,Dominican Republic,"2,100",809,39.00%,,,Lao People's Democratic Republic,84,92,83,2015,,Djibouti,21 [15-29],1 945,21.00%,"1,945.00"
Cote d'Ivoire,AFR,"23,108,472.00",Sub-Saharan Africa,A,"1,245,070.10","978,347.40","266,722.70",76.00,97.14,97.14,,,36.37%,,,35.84%,"6,945.00","29,000.00",24%,"390,000","68,000","139,757.51","16,320.00","20,739.84","1,181.28","8,560.51",33.52,171.38,"14,012.35","4,839.96","2,238.18","9,088.26","16,193.85",269.95,"77,329.09",,Madagascar,,,,,,,,,,,,,,,,,,,,,,,,,Cyprus,159.06,Czech Republic,56.04,,Ecuador,500,670,95.00%,,,Lebanon,92,,92,2015,,Dominica,No data,No data,,
Croatia,EUR,"4,203,604.00",Europe and Central Asia,A,297.40,276.07,21.32,93.00,93.00,97.14,924.00,,0.00%,921,,0.00%,3.00,,,"5,595",8,0.00,0.00,0.00,0.00,0.00,0.00,0.00,0.00,0.00,0.00,0.00,0.00,0.00,0.00,,Malawi,,,,,,,,,,,,,,,,,,,,,,,,,Czech Republic,648.46,Democratic Republic of the Congo,"547,783.60",,Egypt,500,73,27.00%,,,Lithuania,63,100,63,2015,,Dominican Republic,46 [36-63],31 321,46.00%,"31,321.00"
Cuba,AMR,"11,461,432.00",Latin America and the Caribbean,B,"15,983.05","15,270.30",712.75,96.00,96.00,97.14,"15,083.00","21,859",69.00%,"15,054","21,759",69.18%,29.00,100.00,95%,"4,300","1,705","2,974.90","1,619.51",98.76,2.41,38.33,0.06,0.31,72.84,25.68,8.76,41.54,85.94,1.36,375.99,,Malaysia,,,,,,,,,,,,,,,,,,,,,,,,,Democratic Republic of the Congo,"1,478,999.00",Denmark,26.84,,El Salvador,500,273,78.00%,,,Madagascar,80,,,2015,,Ecuador,54 [43-64],15 642,54.00%,"15,642.00"
Curacao,AMR,"157,979.00",,B,0.00,0.00,0.00,97.14,97.14,97.14,,,36.37%,,,36.37%,,,,,,,,0.00,0.00,0.00,0.00,0.00,0.00,0.00,0.00,0.00,0.00,0.00,0.00,,Maldives,,,,,,,,,,,,,,,,,,,,,,,,,Denmark,"1,569.25",Djibouti,"3,597.96",,Equatorial Guinea,"2,400",245,10.00%,,,Malawi,76,,,2015,,Egypt,19 [12-31],2 147,19.00%,"2,147.00"
Cyprus,EUR,"1,160,985.00",Europe and Central Asia,A,159.93,159.06,0.87,97.14,97.14,97.14,,,0.00%,,,0.00%,,,,,,,,0.00,0.00,0.00,0.00,0.00,0.00,0.00,0.00,0.00,0.00,0.00,0.00,,Mali,,,,,,,,,,,,,,,,,,,,,,,,,Djibouti,"17,097.56",Dominica,11.58,,Eritrea,"1,400",470,35.00%,,,Malaysia,95,89,95,2015,,El Salvador,54 [50-60],10 803,54.00%,"10,803.00"
Czech Republic,EUR,"10,546,059.00",Europe and Central Asia,A,704.50,648.46,56.04,97.14,97.14,97.14,,,36.37%,,,0.00%,,,,"14,037",19,0.00,0.00,0.00,0.00,0.00,0.00,0.00,0.00,0.00,0.00,0.00,0.00,0.00,0.00,,Marshall Islands,,,,,,,,,,,,,,,,,,,,,,,,,Dominica,289.41,Dominican Republic,"6,675.19",,Estonia,,,,,,Maldives,100,,100,2015,,Equatorial Guinea,31 [29-34],8 509,31.00%,"8,509.00"
Democratic People's Republic of Korea,SEA,"25,243,917.00","East, South and South-East Asia",A,0.00,0.00,0.00,97.14,97.14,97.14,,,25.18%,,,25.18%,,,,"12,635",133,"3,181.47",0.00,0.00,0.00,0.00,0.00,0.00,0.00,0.00,0.00,0.00,0.00,0.00,0.00,,Mauritania,,,,,,,,,,,,,,,,,,,,,,,,,Dominican Republic,"89,754.48",East Asia,"119,732.00",,Ethiopia,,"22,009",,,,Marshall Islands,88,,88,2015,,Eritrea,60 [47-76],8 431,60.00%,"8,431.00"
Democratic Republic of the Congo,AFR,"76,196,619.00",Sub-Saharan Africa,A,"2,026,782.60","1,478,999.00","547,783.60",86.00,97.14,97.14,"122,268.00","370,509",33.00%,"113,083","328,509",34.42%,"9,185.00","42,000.00",22%,"390,000","90,000","134,250.07","19,800.00","18,412.17","1,278.33","7,773.00",36.81,188.14,"12,017.74","4,090.62","2,094.37","8,193.82","13,719.18",228.66,"68,032.84",,Mauritius,,,,,,,,,,,,,,,,,,,,,,,,,East Asia,"1,832,801.00",East Midlands,31.57,,Fiji,,4,,,,Mauritania,74,80,73,2015,,Estonia,High-income country,No data,,
Denmark,EUR,"5,683,483.00",Europe and Central Asia,A,"1,596.09","1,569.25",26.84,97.14,97.14,97.14,,,0.00%,,,0.00%,,,,"7,565",10,0.00,0.00,0.00,0.00,0.00,0.00,0.00,0.00,0.00,0.00,0.00,0.00,0.00,0.00,,Micronesia (Federated States of),,,,,,,,,,,,,,,,,,,,,,,,,East Midlands,564.57,East of England,52.01,,Finland,,,,,,Mexico,85,81,85,2015,,Ethiopia,No data,386 123,,"386,123.00"
Djibouti,EMR,"927,414.00",,A,"20,695.52","17,097.56","3,597.96",86.00,86.00,67.00,"1,945.00","9,262",21.00%,"1,871","8,262",22.65%,74.00,"1,000.00",8%,"7,600","1,200","1,721.10",96.00,117.43,3.33,45.97,0.09,0.45,85.34,30.53,11.33,49.62,101.47,1.74,447.30,,Mongolia,,,,,,,,,,,,,,,,,,,,,,,,,East of England,813.91,Eastern Europe,"44,054.45",,France,,,,,,Micronesia (Federated States of),100,,,2015,,Fiji,No data,259,,259.00
Dominica,AMR,"73,162.00",Latin America and the Caribbean,B,300.99,289.41,11.58,97.14,97.14,97.14,,,100.00%,,,100.00%,,,,,,,,1.90,0.01,0.68,0.00,0.00,1.50,0.53,0.14,0.76,1.78,0.03,7.33,,Montenegro,,,,,,,,,,,,,,,,,,,,,,,,,Eastern Europe,"1,362,783.00",Eastern Sub-Saharan Africa,"5,590,274.00",,Gabon,"2,600","1,375",52.00%,,,Mongolia,95,,95,2015,,Finland,High-income country,No data,,
Dominican Republic,AMR,"10,528,394.00",Latin America and the Caribbean,B,"96,429.67","89,754.48","6,675.19",95.00,95.00,97.14,"31,321.00","68,089",46.00%,"30,512","65,989",46.24%,809.00,"2,100.00",39%,"45,000","1,566","20,807.06",610.73,462.25,11.22,178.91,0.28,1.46,340.88,121.39,42.46,193.88,404.46,6.66,"1,763.86",,Morocco,,,,,,,,,,,,,,,,,,,,,,,,,Eastern Sub-Saharan Africa,"13,360,130.00",Ecuador,302.07,,Gambia,"1,800",438,24.00%,,,Montenegro,94,100,93,2015,,France,High-income country,No data,,
Ecuador,AMR,"16,144,368.00",Latin America and the Caribbean,B,"37,273.01","36,970.94",302.07,97.14,97.14,97.14,"15,642.00","28,967",54.00%,"14,972","28,467",52.59%,670.00,500.00,95%,"48,000","1,234","25,245.53","1,172.17",119.06,1.08,44.62,0.02,0.09,91.28,32.87,10.02,48.86,109.41,1.79,459.10,,Mozambique,,,,,,,,,,,,,,,,,,,,,,,,,Ecuador,"36,970.94",Egypt,"1,936.48",,Georgia,100,53,95.00%,,,Morocco,82,,,2015,,Gabon,58 [49-67],27 037,58.00%,"27,037.00"
Egypt,EMR,"93,778,172.00",Middle East and North Africa,A,"11,122.53","9,186.05","1,936.48",80.00,80.00,94.00,"2,147.00","11,300",19.00%,"2,074","10,800",19.20%,73.00,500.00,27%,"5,200","4,788",998.59,"1,292.84",94.49,7.88,41.14,0.23,1.17,58.88,19.77,11.45,43.00,66.38,1.13,345.50,,Myanmar,,,,,,,,,,,,,,,,,,,,,,,,,Egypt,"9,186.05",El Salvador,828.41,,Germany,,,,,,Mozambique,66,64,66,2015,,Gambia,24 [20-30],5 022,24.00%,"5,022.00"
El Salvador,AMR,"6,312,478.00",Latin America and the Caribbean,B,"25,209.13","24,380.72",828.41,83.00,83.00,63.00,"10,803.00","20,006",54.00%,"10,530","19,506",53.98%,273.00,500.00,78%,"24,000",482,"12,956.31",376.30,499.78,10.09,192.31,0.24,1.24,372.04,132.57,44.39,208.94,442.01,7.18,"1,910.79",,Namibia,,,,,,,,,,,,,,,,,,,,,,,,,El Salvador,"24,380.72",England,628.49,,Ghana,"19,000","4,934",27.00%,,,Myanmar,85,90,85,2015,,Georgia,32 [25-40],3 044,32.00%,"3,044.00"
Equatorial Guinea,AFR,"1,175,389.00",Sub-Saharan Africa,A,"45,351.99","35,612.91","9,739.08",97.14,97.14,97.14,"8,509.00","27,448",31.00%,"8,264","25,048",32.99%,245.00,"2,400.00",10%,"26,000","3,100","8,577.96",310.00,74.59,2.27,29.22,0.06,0.31,54.08,19.24,7.19,31.53,64.05,1.08,283.63,,Nepal,,,,,,,,,,,,,,,,,,,,,,,,,England,"9,848.28",Equatorial Guinea,"9,739.08",,Greece,100,,,,,Namibia,85,87,85,2015,,Germany,High-income country,No data,,
Eritrea,AFR,,Sub-Saharan Africa,A,"47,710.57","33,785.33","13,925.24",79.00,77.00,95.00,"8,431.00","14,052",60.00%,"7,961","12,652",62.92%,470.00,"1,400.00",35%,"16,000","3,600","10,067.92","1,260.00","1,196.84",78.34,500.14,2.23,11.44,793.69,268.49,130.36,528.88,903.92,14.34,"4,428.67",,Niger,,,,,,,,,,,,,,,,,,,,,,,,,Equatorial Guinea,"35,612.91",Eritrea,"13,925.24",,Grenada,,2,,,,New Zealand,98,,,2015,,Ghana,34 [29-41],94 047,34.00%,"94,047.00"
Estonia,EUR,"1,315,407.00",Europe and Central Asia,A,"1,867.79","1,846.89",20.90,97.14,97.14,97.14,,,0.00%,,,0.00%,,,,"1,751",2,0.00,0.00,0.00,0.00,0.00,0.00,0.00,0.00,0.00,0.00,0.00,0.00,0.00,0.00,,Nigeria,,,,,,,,,,,,,,,,,,,,,,,,,Eritrea,"33,785.33",Estonia,20.90,,Guatemala,"2,000",856,44.00%,,,Nicaragua,79,100,78,2015,,Greece,High-income country,No data,,
Ethiopia,AFR,"99,873,033.00",Sub-Saharan Africa,A,"1,639,891.30","1,227,515.00","412,376.30",97.14,97.14,97.14,"386,123.00","1,077,495",35.84%,"364,114","1,077,495",33.79%,"22,009.00",,,"64,000","190,000","21,627.30",0.00,"2,415.01",9.68,899.11,0.00,0.00,"1,866.83",680.18,203.33,986.96,"2,255.52",38.06,"9,354.67",,Pakistan,,,,,,,,,,,,,,,,,,,,,,,,,Estonia,"1,846.89",Ethiopia,"412,376.30",,Guinea,"7,000","1,532",22.00%,,,Niger,67,71,67,2015,,Grenada,No data,No data,,
Fiji,WPR,"892,149.00",Oceania,A,"1,165.81","1,054.25",111.56,59.00,59.00,97.14,259.00,712,36.37%,255,712,35.81%,4.00,,,"1,000",,358.10,,31.61,0.13,11.76,0.00,0.00,24.45,8.90,2.65,12.91,29.53,0.50,122.45,,Palau,,,,,,,,,,,,,,,,,,,,,,,,,Ethiopia,"1,227,515.00",Federated States of Micronesia,33.57,,Guinea-Bissau,,,,,,Oman,66,67,66,2015,,Guatemala,30 [21-44],16 315,30.00%,"16,315.00"
Finland,EUR,"5,479,531.00",Europe and Central Asia,A,395.10,377.36,17.74,94.00,97.14,97.14,,,0.00%,,,0.00%,,,,"520,460",698,0.00,0.00,0.00,0.00,0.00,0.00,0.00,0.00,0.00,0.00,0.00,0.00,0.00,0.00,,Papua New Guinea,,,,,,,,,,,,,,,,,,,,,,,,,Federated States of Micronesia,170.77,Fiji,111.56,,Guyana,200,157,95.00%,,,Palau,100,,,2015,,Guinea,29 [24-34],33 525,29.00%,"33,525.00"
France,EUR,"66,624,068.00",Europe and Central Asia,A,"26,183.84","25,608.36",575.48,97.14,97.14,97.14,,,0.00%,,,0.00%,,,,"6,328,121","8,489",0.00,0.00,0.00,0.00,0.00,0.00,0.00,0.00,0.00,0.00,0.00,0.00,0.00,0.00,,Philippines,,,,,,,,,,,,,,,,,,,,,,,,,Fiji,"1,054.25",Finland,17.74,,Haiti,"9,500","2,865",30.00%,,,Papua New Guinea,90,,,2015,,Guinea-Bissau,No data,No data,,
French Polynesia,WPR,"277,690.00",,A,0.00,0.00,0.00,97.14,97.14,97.14,,,36.37%,,,36.37%,,,,,,,,0.00,0.00,0.00,0.00,0.00,0.00,0.00,0.00,0.00,0.00,0.00,0.00,,Republic of Korea,,,,,,,,,,,,,,,,,,,,,,,,,Finland,377.36,France,575.48,,Holy See,,,,,,Paraguay,78,94,77,2015,,Guyana,59 [54-65],4 551,59.00%,"4,551.00"
Gabon,AFR,"1,930,175.00",Sub-Saharan Africa,A,"62,694.72","59,623.49","3,071.23",97.14,97.14,97.14,"27,037.00","46,616",58.00%,"25,662","44,016",58.30%,"1,375.00","2,600.00",52%,"40,000","3,900","23,320.87","2,028.00",222.12,4.19,84.73,0.10,0.51,166.58,59.33,19.54,92.21,197.93,3.19,850.43,,Republic of Moldova,,,,,,,,,,,,,,,,,,,,,,,,,France,"25,608.36",Gabon,"3,071.23",,Honduras,1000,573,74.00%,,,Peru,81,51,82,2015,,Haiti,52 [43-62],68 849,52.00%,"68,849.00"
Gambia,AFR,"1,977,590.00",Sub-Saharan Africa,A,0.00,0.00,0.00,83.00,97.14,97.14,"5,022.00","20,925",24.00%,"4,584","19,125",23.97%,438.00,"1,800.00",24%,"12,000","1,335","2,876.24",320.45,0.00,0.00,0.00,0.00,0.00,0.00,0.00,0.00,0.00,0.00,0.00,0.00,,Romania,,,,,,,,,,,,,,,,,,,,,,,,,Gabon,"59,623.49",Georgia,12.31,,Hungary,,,,,,Philippines,90,64,90,2015,,Honduras,52 [44-61],10 457,52.00%,"10,457.00"
Georgia,EUR,"3,717,100.00",Europe and Central Asia,A,"1,693.77","1,681.46",12.31,84.00,84.00,75.00,"3,044.00","9,513",32.00%,"2,991","9,413",31.78%,53.00,100.00,95%,"5,300",251,"1,684.18",237.98,17.86,0.21,6.80,0.00,0.02,13.49,4.89,1.56,7.41,16.21,0.27,68.73,,Rwanda,,,,,,,,,,,,,,,,,,,,,,,,,Georgia,"1,681.46",Germany,452.00,,Iceland,,,,,,Republic of Moldova,84,100,84,2015,,Hungary,High-income country,No data,,
Germany,EUR,"81,686,611.00",Europe and Central Asia,A,"21,436.78","20,984.78",452.00,97.14,97.14,97.14,,,0.00%,,,0.00%,,,,"108,723",146,0.00,0.00,0.00,0.00,0.00,0.00,0.00,0.00,0.00,0.00,0.00,0.00,0.00,0.00,,Samoa,,,,,,,,,,,,,,,,,,,,,,,,,Germany,"20,984.78",Ghana,"118,784.90",,India,,"50,976",,,,Rwanda,91,,,2015,,Iceland,High-income country,No data,,
Ghana,AFR,"27,582,821.00",Sub-Saharan Africa,A,"619,574.50","500,789.60","118,784.90",97.14,97.14,97.14,"94,047.00","276,609",34.00%,"89,113","257,609",34.59%,"4,934.00","19,000.00",27%,"210,000","32,000","72,643.98","8,640.00","1,223.32",70.61,506.36,2.00,10.24,823.85,284.42,132.49,537.24,951.61,15.89,"4,558.04",,Sao Tome and Principe,,,,,,,,,,,,,,,,,,,,,,,,,Ghana,"500,789.60",Greater London,257.47,,Indonesia,"17,000","2,708",16.00%,,,Saint Lucia,67,,67,2015,,India,43 [36-54],919 141,43.00%,"919,141.00"
Greece,EUR,"10,820,883.00",Europe and Central Asia,A,934.74,898.33,36.41,97.00,97.00,97.14,,,0.00%,,,0.00%,,100.00,,"14,402",19,0.00,0.00,0.00,0.00,0.00,0.00,0.00,0.00,0.00,0.00,0.00,0.00,0.00,0.00,,Senegal,,,,,,,,,,,,,,,,,,,,,,,,,Greater London,"3,531.25",Greece,36.41,,Iran (Islamic Republic of),"1,900",233,12.00%,,,Samoa,100,100,100,2015,,Indonesia,9 [8-10],63 066,9.00%,"63,066.00"
Greenland,EUR,"56,114.00",Europe and Central Asia,A,89.53,88.33,1.20,97.14,97.14,97.14,,,36.37%,,,0.00%,,,,,,,,0.00,0.00,0.00,0.00,0.00,0.00,0.00,0.00,0.00,0.00,0.00,0.00,,Serbia,,,,,,,,,,,,,,,,,,,,,,,,,Greece,898.33,Greenland,1.20,,Iraq,,,,,,Sao Tome and Principe,62,71,61,2015,,Iran (Islamic Republic of),9 [6-15],6 484,9.00%,"6,484.00"
Grenada,AMR,"106,823.00",Latin America and the Caribbean,B,511.35,487.70,23.65,57.00,57.00,97.14,,,100.00%,,,100.00%,2.00,,,,,,,48.04,0.17,17.34,0.00,0.00,38.02,13.45,3.66,19.15,45.21,0.67,185.71,,Sierra Leone,,,,,,,,,,,,,,,,,,,,,,,,,Greenland,88.33,Grenada,23.65,,Ireland,,,,,,Saudi Arabia,90,85,91,2015,,Iraq,No data,No data,,
Guam,WPR,"161,797.00",,A,205.42,194.29,11.12,97.14,97.14,97.14,,,36.37%,,,36.37%,,,,,,,,0.41,0.00,0.15,0.00,0.00,0.32,0.12,0.03,0.17,0.39,0.01,1.60,,Solomon Islands,,,,,,,,,,,,,,,,,,,,,,,,,Grenada,487.70,Guam,11.12,,Israel,,,,,,Senegal,77,74,77,2015,,Ireland,High-income country,No data,,
Guatemala,AMR,"16,252,429.00",Latin America and the Caribbean,B,"38,238.00","31,371.62","6,866.38",89.00,89.00,86.00,"16,315.00","54,383",30.00%,"15,459","52,383",29.51%,856.00,"2,000.00",44%,"54,000","1,242","15,936.10",546.53,285.93,25.24,126.48,0.73,3.72,174.69,57.99,34.81,131.79,195.22,3.27,"1,039.86",,Somalia,,,,,,,,,,,,,,,,,,,,,,,,,Guam,194.29,Guatemala,"6,866.38",,Italy,"1,400",,,,,Seychelles,52,80,52,2015,,Israel,High-income country,No data,,
Guinea,AFR,"12,091,533.00",Sub-Saharan Africa,A,"283,675.07","235,195.10","48,479.97",97.14,97.14,97.14,"33,525.00","115,603",29.00%,"31,993","108,603",29.46%,"1,532.00","7,000.00",22%,"96,000","13,000","28,280.21","2,860.00",470.83,23.68,192.17,0.67,3.40,323.43,112.83,49.70,204.75,376.69,6.36,"1,764.49",,South Africa,,,,,,,,,,,,,,,,,,,,,,,,,Guatemala,"31,371.62",Guinea,"48,479.97",,Jamaica,500,666,95.00%,,,Singapore,93,,93,2015,,Italy,High-income country,No data,,
Guinea-Bissau,AFR,"1,770,526.00",Sub-Saharan Africa,A,"98,609.14","78,821.69","19,787.45",97.14,97.14,97.14,,,35.84%,,,35.84%,,,,"34,000","5,400","12,183.99",0.00,165.00,0.66,61.38,0.00,0.00,127.63,46.47,13.85,67.39,154.13,2.59,639.11,,Sri Lanka,,,,,,,,,,,,,,,,,,,,,,,,,Guinea,"235,195.10",Guinea-Bissau,"19,787.45",,Japan,,,,,,Solomon Islands,83,,,2015,,Jamaica,34 [29-39],9 764,34.00%,"9,764.00"
Guyana,AMR,"768,514.00",Latin America and the Caribbean,B,"22,713.27","20,913.44","1,799.83",78.00,78.00,87.00,"4,551.00","7,714",59.00%,"4,394","7,514",58.48%,157.00,200.00,95%,"6,500",59,"3,801.26",55.80,673.43,30.87,277.33,0.82,4.25,463.64,160.61,66.58,295.89,538.19,8.64,"2,520.26",,Sudan,,,,,,,,,,,,,,,,,,,,,,,,,Guinea-Bissau,"78,821.69",Guyana,"1,799.83",,Jordan,,2,,,,Somalia,81,,,2015,,Japan,High-income country,No data,,
Haiti,AMR,"10,711,061.00",Latin America and the Caribbean,B,"356,824.29","313,251.60","43,572.69",97.14,97.14,97.14,"68,849.00","132,402",52.00%,"65,984","122,902",53.69%,"2,865.00","9,500.00",30%,"130,000","15,000","69,794.84","4,500.00","1,099.85",31.11,427.45,0.82,4.17,805.36,284.84,102.27,462.32,950.90,15.44,"4,184.53",,Sudan,,,,,,,,,,,,,,,,,,,,,,,,,Guyana,"20,913.44",Haiti,"43,572.69",,Kazakhstan,500,379,95.00%,,,South Sudan,76,76,76,2015,,Jordan,No data,No data,,
Honduras,AMR,"8,960,829.00",Latin America and the Caribbean,B,"30,779.65","25,959.27","4,820.38",83.00,83.00,80.00,"10,457.00","20,110",52.00%,"9,884","19,110",51.72%,573.00,"1,000.00",74%,"24,000",685,"12,413.44",506.79,635.18,47.38,276.90,1.33,6.83,401.76,134.73,71.47,290.49,453.58,7.33,"2,326.99",,Swaziland,,,,,,,,,,,,,,,,,,,,,,,,,Haiti,"313,251.60",High-income Asia Pacific,"1,036.92",,Kenya,"98,000","71,547",73.00%,,,Spain,12,,,2015,,Kazakhstan,27 [23-32],6 285,27.00%,"6,285.00"
Hungary,EUR,"9,843,028.00",Europe and Central Asia,A,"1,748.93","1,725.24",23.68,97.14,97.14,97.14,,,0.00%,,,0.00%,,,,"934,915","1,254",0.00,0.00,0.00,0.00,0.00,0.00,0.00,0.00,0.00,0.00,0.00,0.00,0.00,0.00,,Syrian Arab Republic,,,,,,,,,,,,,,,,,,,,,,,,,High-income Asia Pacific,"12,481.74",High-income North America,"6,264.78",,Kiribati,,2,,,,Sri Lanka,82,100,81,2015,,Kenya,59 [50-69],897 644,59.00%,"897,644.00"
Iceland,EUR,"330,815.00",Europe and Central Asia,A,60.81,59.18,1.63,97.14,97.14,97.14,,,0.00%,,,0.00%,,,,"31,422",42,0.00,0.00,0.00,0.00,0.00,0.00,0.00,0.00,0.00,0.00,0.00,0.00,0.00,0.00,,Tajikistan,,,,,,,,,,,,,,,,,,,,,,,,,High-income North America,"371,151.20",Honduras,"4,820.38",,Kuwait,,,,,,Swaziland,96,,,2015,,Kiribati,No data,No data,,
India,SEA,"1,309,053,980.00","East, South and South-East Asia",A,"6,823,203.00","5,770,929.00","1,052,274.00",97.14,97.14,97.14,"919,141.00","2,137,537",43.00%,"868,165","2,137,537",40.62%,"50,976.00",,,"2,000,000","108,640","812,303.99",0.00,"13,800.33",54.68,"5,123.83",0.00,0.00,"10,691.97","3,885.72","1,150.92","5,628.05","12,898.23",215.11,"53,448.83",,Tanzania,,,,,,,,,,,,,,,,,,,,,,,,,Honduras,"25,959.27",Hungary,23.68,,Kyrgyzstan,200,387,95.00%,,,Tajikistan,82,93,80,2015,,Kuwait,High-income country,No data,,
Indonesia,SEA,"258,162,113.00","East, South and South-East Asia",A,"933,303.21","855,522.10","77,781.11",97.14,97.14,97.14,"63,066.00","700,733",9.00%,"60,358","683,733",8.83%,"2,708.00","17,000.00",16%,"500,000","21,476","44,138.55","3,436.17",503.69,27.40,207.92,0.78,3.96,340.63,119.09,55.14,220.76,396.93,6.92,"1,883.22",,Thailand,,,,,,,,,,,,,,,,,,,,,,,,,Hungary,"1,725.24",Iceland,1.63,,Lao People's Democratic Republic,,222,,,,Thailand,87,93,87,2015,,Kyrgyzstan,26 [21-33],2 109,26.00%,"2,109.00"
Iran,EMR,"79,360,487.00",Middle East and North Africa,A,"26,412.30","26,382.84",29.46,97.14,97.14,97.14,,,36.37%,,,0.00%,,,,"59,000","4,052",0.00,0.00,0.00,0.00,0.00,0.00,0.00,0.00,0.00,0.00,0.00,0.00,0.00,0.00,,The Former Yugoslav Republic of Macedonia,,,,,,,,,,,,,,,,,,,,,,,,,Iceland,59.18,India,"1,052,274.00",,Latvia,100,36,95.00%,,,Trinidad and Tobago,90,100,90,2015,,Lao People's Democratic Republic,No data,3 879,,"3,879.00"
Iraq,EMR,"36,115,649.00",Middle East and North Africa,A,"6,002.31","4,860.86","1,141.45",97.14,97.14,97.14,,,0.00%,,,0.00%,,,,,,,,0.00,0.00,0.00,0.00,0.00,0.00,0.00,0.00,0.00,0.00,0.00,0.00,,Timor-Leste,,,,,,,,,,,,,,,,,,,,,,,,,India,"5,770,929.00",Indonesia,"77,781.11",,Lebanon,,5,,,,Tunisia,79,,,2015,,Latvia,20 [18-23],1 388,20.00%,"1,388.00"
Ireland,EUR,"4,676,835.00",Europe and Central Asia,A,664.85,642.53,22.32,97.14,97.14,97.14,,,0.00%,,,0.00%,,,,"444,217",596,0.00,0.00,0.00,0.00,0.00,0.00,0.00,0.00,0.00,0.00,0.00,0.00,0.00,0.00,,Togo,,,,,,,,,,,,,,,,,,,,,,,,,Indonesia,"855,522.10",Iran,29.46,,Lesotho,"13,000","7,466",56.00%,,,Uganda,78,80,77,2015,,Lebanon,37 [32-42],890,37.00%,890.00
Israel,EUR,"8,380,100.00",Middle East and North Africa,A,"1,917.36","1,712.95",204.41,97.14,97.14,97.14,,,0.00%,,,0.00%,,,,"795,963","1,068",0.00,0.00,0.00,0.00,0.00,0.00,0.00,0.00,0.00,0.00,0.00,0.00,0.00,0.00,,Tonga,,,,,,,,,,,,,,,,,,,,,,,,,Iran,"26,382.84",Iraq,"1,141.45",,Liberia,"3,900",389,10.00%,,,Ukraine,86,,,2015,,Lesotho,42 [38-45],129 127,42.00%,"129,127.00"
Italy,EUR,"60,730,582.00",Europe and Central Asia,A,"35,146.02","34,549.22",596.80,97.14,97.14,97.14,,,0.00%,,,0.00%,,"1,400.00",,"5,768,343","7,738",0.00,0.00,0.00,0.00,0.00,0.00,0.00,0.00,0.00,0.00,0.00,0.00,0.00,0.00,,Tunisia,,,,,,,,,,,,,,,,,,,,,,,,,Iraq,"4,860.86",Ireland,22.32,,Libya,,,,,,United Republic of Tanzania,67,74,67,2015,,Liberia,24 [20-29],7 391,24.00%,"7,391.00"
Jamaica,AMR,"2,871,934.00",Latin America and the Caribbean,B,"18,149.01","18,077.68",71.33,60.00,60.00,97.14,"9,764.00","28,718",34.00%,"9,098","28,218",32.24%,666.00,500.00,95%,"28,000",427,"9,027.83",405.81,480.78,3.97,181.18,0.06,0.31,367.10,133.34,41.40,198.20,442.32,7.48,"1,856.13",,Turkey,,,,,,,,,,,,,,,,,,,,,,,,,Ireland,642.53,Israel,204.41,,Liechtenstein,,,,,,Uzbekistan,90,95,88,2015,,Libya,No data,No data,,
Japan,WPR,"127,141,000.00","East, South and South-East Asia",A,"6,480.23","5,784.24",695.99,97.14,97.14,97.14,,,25.18%,,,25.18%,,,,"66,913","3,555","16,848.99",0.00,8.36,0.03,3.12,0.00,0.00,6.45,2.36,0.71,3.43,7.80,0.13,32.40,,Turkmenistan,,,,,,,,,,,,,,,,,,,,,,,,,Israel,"1,712.95",Italy,596.80,,Lithuania,,5,,,,Vanuatu,57,,,2015,,Lithuania,High-income country,566,,566.00
Jordan,EMR,"9,159,302.00",Middle East and North Africa,A,604.56,500.76,103.80,73.00,73.00,97.14,,,0.00%,,,0.00%,2.00,,,,,,,0.00,0.00,0.00,0.00,0.00,0.00,0.00,0.00,0.00,0.00,0.00,0.00,,Tuvalu,,,,,,,,,,,,,,,,,,,,,,,,,Italy,"34,549.22",Jamaica,71.33,,Luxembourg,,2,,,,Venezuela (Bolivarian Republic of),96,,,2015,,Luxembourg,High-income country,700,,700.00
Kazakhstan,EUR,"17,544,126.00",Europe and Central Asia,A,"17,870.28","16,929.48",940.80,75.00,74.00,91.00,"6,285.00","23,278",27.00%,"5,906","22,778",25.93%,379.00,500.00,95%,"95,025","1,182","24,638.74","1,123.24",281.40,17.93,122.12,0.49,2.52,181.08,62.14,30.75,128.61,207.89,3.52,"1,038.44",,Uganda,,,,,,,,,,,,,,,,,,,,,,,,,Jamaica,"18,077.68",Japan,695.99,,Madagascar,"3,800",16,1.00%,,,Zambia,93,,,2015,,Madagascar,3 [2-3],1 234,3.00%,"1,234.00"
Kenya,AFR,"47,236,259.00",Sub-Saharan Africa,A,"3,104,198.30","2,110,755.00","993,443.30",81.00,97.14,97.14,"897,644.00","1,521,431",59.00%,"826,097","1,423,431",58.04%,"71,547.00","98,000.00",73%,"1,400,000","230,000","812,498.95","167,900.00","84,805.45","10,524.81","40,823.72",301.17,"1,550.71","45,146.19","13,883.04","11,320.82","41,734.31","47,478.87",747.34,"298,316.44",,Ukraine,,,,,,,,,,,,,,,,,,,,,,,,,Japan,"5,784.24",Jordan,103.80,,Malawi,"84,000","51,487",61.00%,,,Zimbabwe,86,91,85,2015,,Malawi,61 [56-66],595 186,61.00%,"595,186.00"
Kiribati,WPR,"112,407.00",Oceania,A,28.23,25.43,2.80,89.00,86.00,97.14,,,36.37%,,,36.37%,2.00,,,,,,,0.21,0.00,0.08,0.00,0.00,0.16,0.06,0.02,0.08,0.19,0.00,0.81,,Uzbekistan,,,,,,,,,,,,,,,,,,,,,,,,,Jordan,500.76,Kazakhstan,940.80,,Malaysia,500,487,95.00%,,,,,,,,,Malaysia,28 [25-33],25 700,28.00%,"25,700.00"
Kuwait,EMR,"3,935,794.00",Middle East and North Africa,A,347.86,201.33,146.53,97.14,97.14,97.14,,,0.00%,,,0.00%,,,,,,,,0.00,0.00,0.00,0.00,0.00,0.00,0.00,0.00,0.00,0.00,0.00,0.00,,Vanuatu,,,,,,,,,,,,,,,,,,,,,,,,,Kazakhstan,"16,929.48",Kenya,"993,443.30",,Maldives,,0,,,,,,,,,,Maldives,No data,9,,9.00
Kyrgyzstan,EUR,"5,956,900.00",Europe and Central Asia,A,"13,953.08","13,823.43",129.65,76.00,74.00,89.00,"2,109.00","8,112",26.00%,"1,722","7,912",21.77%,387.00,200.00,95%,"6,200",401,"1,349.47",381.38,152.22,2.84,59.18,0.06,0.33,112.47,40.62,13.92,64.19,134.76,2.32,582.92,,Viet Nam,,,,,,,,,,,,,,,,,,,,,,,,,Kenya,"2,110,755.00",Kiribati,2.80,,Mali,"12,000","2,665",23.00%,,,,,,,,,Mali,28 [24-34],34 974,28.00%,"34,974.00"
Lao People's Democratic Republic,WPR,"6,663,967.00","East, South and South-East Asia",A,0.00,0.00,0.00,84.00,83.00,92.00,"3,879.00","15,405",25.18%,"3,657","15,405",23.74%,222.00,,,"9,700",590,"2,302.72",0.00,0.00,0.00,0.00,0.00,0.00,0.00,0.00,0.00,0.00,0.00,0.00,0.00,,West Bank and Gaza Strip,,,,,,,,,,,,,,,,,,,,,,,,,Kiribati,25.43,Kuwait,146.53,,Malta,,,,,,,,,,,,Malta,High-income country,No data,,
Latvia,EUR,"1,977,527.00",Europe and Central Asia,A,"5,393.94","5,342.37",51.57,97.14,97.14,97.14,"1,388.00","6,940",20.00%,"1,352","6,840",19.77%,36.00,100.00,95%,"2,632",4,520.25,3.35,6.39,0.13,2.50,0.00,0.02,4.69,1.69,0.59,2.71,5.62,0.10,24.44,,Yemen,,,,,,,,,,,,,,,,,,,,,,,,,Kuwait,201.33,Kyrgyzstan,129.65,,Marshall Islands,,,,,,,,,,,,Marshall Islands,No data,No data,,
Lebanon,EMR,"5,851,479.00",Middle East and North Africa,A,"4,061.85","3,875.69",186.16,92.00,92.00,97.14,890.00,"2,405",37.00%,885,"2,405",36.79%,5.00,,,"5,516",299,"2,029.63",0.00,23.34,0.09,8.68,0.00,0.00,18.06,6.57,1.96,9.53,21.80,0.37,90.39,,Zambia,,,,,,,,,,,,,,,,,,,,,,,,,Kyrgyzstan,"13,823.43",Laos,889.47,,Mauritania,"1,300",157,13.00%,,,,,,,,,Mauritania,18 [11-27],2 458,18.00%,"2,458.00"
Lesotho,AFR,"2,174,645.00",Sub-Saharan Africa,A,"733,974.30","579,343.10","154,631.20",97.14,97.14,97.14,"129,127.00","307,445",42.00%,"121,661","294,445",41.32%,"7,466.00","13,000.00",56%,"300,000","39,000","123,956.16","21,840.00","2,023.48",189.06,908.25,5.41,27.79,"1,212.05",397.30,247.78,943.64,"1,341.53",21.97,"7,318.26",,Zimbabwe,,,,,,,,,,,,,,,,,,,,,,,,,Laos,"9,048.13",Latin America and Caribbean,"142,195.70",,Mauritius,,23,,,,,,,,,,Mauritius,31 [26-36],2 537,31.00%,"2,537.00"
Liberia,AFR,"4,499,621.00",Sub-Saharan Africa,A,"116,441.79","97,314.25","19,127.54",97.14,97.14,97.14,"7,391.00","30,796",24.00%,"7,002","26,896",26.03%,389.00,"3,900.00",10%,"21,000","4,000","5,467.09",400.00,157.98,4.51,61.82,0.12,0.61,114.84,41.03,15.21,66.74,136.42,2.32,601.61,,,,,,,,,,,,,,,,,,,,,,,,,,,Latin America and Caribbean,"2,102,207.00",Latvia,51.57,,Mexico,"1,800","1,960",95.00%,,,,,,,,,Mexico,59 [54-64],117 631,59.00%,"117,631.00"
Libya,EMR,"6,234,955.00",Sub-Saharan Africa,A,"5,486.98","4,868.11",618.88,97.14,97.14,97.14,,,35.84%,,,35.84%,,,,,,,,10.19,0.04,3.79,0.00,0.00,7.88,2.87,0.86,4.16,9.52,0.16,39.47,,,,,,,,,,,,,,,,,,,,,,,,,,,Latvia,"5,342.37",Lebanon,186.16,,Micronesia (Federated States of),,,,,,,,,,,,Micronesia (Federated States of),No data,No data,,
Lithuania,EUR,"2,904,910.00",Europe and Central Asia,A,"3,008.23","2,967.91",40.32,63.00,63.00,97.14,566.00,,0.00%,561,,0.00%,5.00,,,"275,916",370,0.00,0.00,0.00,0.00,0.00,0.00,0.00,0.00,0.00,0.00,0.00,0.00,0.00,0.00,,,,,,,,,,,,,,,,,,,,,,,,,,,Lebanon,"3,875.69",Lesotho,"154,631.20",,Monaco,,,,,,,,,,,,Monaco,High-income country,No data,,
Luxembourg,EUR,"569,604.00",Europe and Central Asia,A,138.65,136.28,2.36,97.14,97.14,97.14,700.00,,0.00%,698,,0.00%,2.00,,,"54,102",73,0.00,0.00,0.00,0.00,0.00,0.00,0.00,0.00,0.00,0.00,0.00,0.00,0.00,0.00,,,,,,,,,,,,,,,,,,,,,,,,,,,Lesotho,"579,343.10",Liberia,"19,127.54",,Mongolia,100,0,1.00%,,,,,,,,,Mongolia,36 [28-45],147,36.00%,147.00
Madagascar,AFR,"24,234,088.00",Sub-Saharan Africa,A,"226,513.31","179,911.80","46,601.51",80.00,97.14,97.14,"1,234.00","41,133",3.00%,"1,218","37,333",3.26%,16.00,"3,800.00",1%,"55,000","16,362","1,794.38",163.62,248.39,7.60,98.10,0.20,1.04,178.63,64.18,24.74,105.62,212.89,3.76,945.15,,,,,,,,,,,,,,,,,,,,,,,,,,,Liberia,"97,314.25",Libya,618.88,,Montenegro,,2,,,,,,,,,,Montenegro,No data,92,,92.00
Malawi,AFR,"17,573,607.00",Sub-Saharan Africa,A,"1,723,555.30","1,189,228.00","534,327.30",76.00,97.14,97.14,"595,186.00","975,715",61.00%,"543,699","891,715",60.97%,"51,487.00","84,000.00",61%,"910,000","190,000","554,847.94","115,900.00","56,656.20","5,958.31","25,994.62",170.90,878.45,"32,696.58","10,431.35","7,126.84","26,852.92","35,459.82",558.84,"202,784.84",,,,,,,,,,,,,,,,,,,,,,,,,,,Libya,"4,868.11",Lithuania,40.32,,Morocco,500,489,95.00%,,,,,,,,,Morocco,37 [31-43],8 926,37.00%,"8,926.00"
Malaysia,WPR,"30,723,155.00","East, South and South-East Asia",A,"103,087.57","101,295.60","1,791.97",95.00,95.00,89.00,"25,700.00","91,786",28.00%,"25,213","91,286",27.62%,487.00,500.00,95%,"76,000","2,596","20,991.10","2,466.13",305.10,7.63,120.36,0.19,0.96,221.69,79.42,28.50,130.00,263.92,4.49,"1,162.26",,,,,,,,,,,,,,,,,,,,,,,,,,,Lithuania,"2,967.91",Luxembourg,2.36,,Mozambique,"110,000","64,273",57.00%,,,,,,,,,Mozambique,53 [43-66],802 659,53.00%,"802,659.00"
Maldives,SEA,"409,163.00","East, South and South-East Asia",A,52.30,42.83,9.46,97.14,97.14,97.14,9.00,36,25.18%,9,36,25.18%,0.00,,,100,29,25.18,0.00,0.06,0.00,0.02,0.00,0.00,0.05,0.02,0.01,0.03,0.06,0.00,0.24,,,,,,,,,,,,,,,,,,,,,,,,,,,Luxembourg,136.28,Macedonia,3.03,,Myanmar,"9,500","7,086",75.00%,,,,,,,,,Myanmar,47 [42-55],106 490,47.00%,"106,490.00"
Mali,AFR,"17,467,905.00",Sub-Saharan Africa,A,"386,669.70","280,360.60","106,309.10",97.14,97.14,97.14,"34,974.00","124,907",28.00%,"32,309","112,907",28.62%,"2,665.00","12,000.00",23%,"86,000","11,794","24,609.37","2,712.60",624.62,52.48,271.16,1.53,7.80,390.11,130.47,75.46,283.48,438.69,7.36,"2,283.16",,,,,,,,,,,,,,,,,,,,,,,,,,,Macedonia,116.39,Madagascar,"46,601.51",,Namibia,"10,000","10,010",95.00%,,,,,,,,,Namibia,69 [63-74],144 496,69.00%,"144,496.00"
Malta,EUR,"431,874.00",Europe and Central Asia,A,93.87,91.83,2.04,97.14,97.14,97.14,,,0.00%,,,0.00%,,,,575,1,0.00,0.00,0.00,0.00,0.00,0.00,0.00,0.00,0.00,0.00,0.00,0.00,0.00,0.00,,,,,,,,,,,,,,,,,,,,,,,,,,,Madagascar,"179,911.80",Malawi,"534,327.30",,Nauru,,,,,,,,,,,,Nauru,High-income country,No data,,
Marshall Islands,WPR,"52,994.00",Oceania,A,171.00,145.30,25.69,88.00,88.00,97.14,,,36.37%,,,36.37%,,,,,,,,1.30,0.01,0.48,0.00,0.00,1.00,0.37,0.11,0.53,1.21,0.02,5.02,,,,,,,,,,,,,,,,,,,,,,,,,,,Malawi,"1,189,228.00",Malaysia,"1,791.97",,Nepal,"1,600",893,58.00%,,,,,,,,,Nepal,31 [27-36],11 922,31.00%,"11,922.00"
Mauritania,AFR,"4,182,341.00",Sub-Saharan Africa,A,"18,990.26","14,965.87","4,024.39",74.00,73.00,80.00,"2,458.00","13,656",18.00%,"2,301","12,356",18.62%,157.00,"1,300.00",13%,"9,500","477,163","1,769.20","62,031.18",174.78,10.37,72.53,0.30,1.51,117.05,40.56,19.38,76.85,135.48,2.32,651.13,,,,,,,,,,,,,,,,,,,,,,,,,,,Malaysia,"101,295.60",Maldives,9.46,,Netherlands,,,,,,,,,,,,Netherlands,High-income country,No data,,
Mauritius,AFR,"1,262,605.00",Sub-Saharan Africa,A,"3,872.09","3,714.38",157.71,97.14,97.14,97.14,"2,537.00","8,184",31.00%,"2,514","8,184",30.72%,23.00,,,"10,000","144,050","3,071.90",0.00,6.61,0.03,2.46,0.00,0.00,5.10,1.86,0.56,2.70,6.17,0.10,25.60,,,,,,,,,,,,,,,,,,,,,,,,,,,Maldives,42.83,Mali,"106,309.10",,New Zealand,,,,,,,,,,,,New Zealand,High-income country,No data,,
Mexico,AMR,"125,890,949.00",Latin America and the Caribbean,B,"258,597.16","244,776.90","13,820.26",85.00,85.00,81.00,"117,631.00","199,375",59.00%,"115,671","197,575",58.55%,"1,960.00","1,800.00",95%,"170,000","9,621","99,527.33","9,140.36","5,098.53",167.67,"2,031.45",4.31,22.25,"3,653.45","1,283.29",476.38,"2,186.68","4,290.58",69.02,"19,283.62",,,,,,,,,,,,,,,,,,,,,,,,,,,Mali,"280,360.60",Malta,2.04,,Nicaragua,200,122,69.00%,,,,,,,,,Nicaragua,34 [26-49],3 350,34.00%,"3,350.00"
Micronesia (Federated States of),WPR,"104,433.00",Oceania,A,0.00,0.00,0.00,97.14,97.14,97.14,,,36.37%,,,36.37%,,,,,,,,0.00,0.00,0.00,0.00,0.00,0.00,0.00,0.00,0.00,0.00,0.00,0.00,,,,,,,,,,,,,,,,,,,,,,,,,,,Malta,91.83,Marshall Islands,25.69,,Niger,"5,900",922,16.00%,,,,,,,,,Niger,26 [23-30],12 887,26.00%,"12,887.00"
Monaco,EUR,"38,307.00",,A,0.00,0.00,0.00,97.14,97.14,97.14,,,36.37%,,,36.37%,,,,,,,,0.00,0.00,0.00,0.00,0.00,0.00,0.00,0.00,0.00,0.00,0.00,0.00,,,,,,,,,,,,,,,,,,,,,,,,,,,Marshall Islands,145.30,Mauritania,"4,024.39",,Nigeria,,"43,655",,,,,,,,,,Nigeria,No data,828 867,,"828,867.00"
Mongolia,WPR,"2,976,877.00","East, South and South-East Asia",A,160.29,152.28,8.00,95.00,95.00,97.14,147.00,408,36.00%,147,308,47.68%,0.00,100.00,1%,"1,454",83,693.42,0.83,0.76,0.00,0.28,0.00,0.00,0.59,0.21,0.06,0.31,0.71,0.01,2.93,,,,,,,,,,,,,,,,,,,,,,,,,,,Mauritania,"14,965.87",Mauritius,157.71,,Niue,,,,,,,,,,,,Niue,No data,No data,,
Montenegro,EUR,"622,159.00",Europe and Central Asia,A,61.82,60.09,1.74,94.00,93.00,97.14,92.00,,0.00%,90,,0.00%,2.00,,,,,,,0.00,0.00,0.00,0.00,0.00,0.00,0.00,0.00,0.00,0.00,0.00,0.00,,,,,,,,,,,,,,,,,,,,,,,,,,,Mauritius,"3,714.38",Mexico,"13,820.26",,Norway,,,,,,,,,,,,Norway,High-income country,No data,,
Montserrat,AMR,"5,012.00",,B,0.00,0.00,0.00,97.14,97.14,97.14,,,36.37%,,,36.37%,,,,,,,,0.00,0.00,0.00,0.00,0.00,0.00,0.00,0.00,0.00,0.00,0.00,0.00,,,,,,,,,,,,,,,,,,,,,,,,,,,Mexico,"244,776.90",Moldova,69.82,,Oman,,31,,,,,,,,,,Oman,High-income country,1 098,,"1,098.00"
Morocco,EMR,"34,803,322.00",Middle East and North Africa,A,"17,375.66","16,281.27","1,094.39",82.00,97.14,97.14,"8,926.00","24,124",37.00%,"8,437","23,624",35.71%,489.00,500.00,95%,"25,000","1,777","8,928.30","1,688.20",264.68,15.12,112.81,0.41,2.11,174.54,60.19,27.98,119.34,201.37,3.36,981.92,,,,,,,,,,,,,,,,,,,,,,,,,,,Moldova,"9,913.85",Mongolia,8.00,,Pakistan,"2,500",131,5.00%,,,,,,,,,Pakistan,6 [5-10],6 564,6.00%,"6,564.00"
Mozambique,AFR,"28,010,691.00",Sub-Saharan Africa,A,"4,241,733.00","2,769,133.00","1,472,600.00",66.00,66.00,64.00,"802,659.00","1,514,451",53.00%,"738,386","1,404,451",52.57%,"64,273.00","110,000.00",57%,"1,300,000","170,000","683,471.22","96,900.00","174,711.67","21,562.33","82,863.26",623.42,"3,202.53","94,559.13","29,259.12","23,538.03","84,823.09","99,916.37","1,589.08","616,648.05",,,,,,,,,,,,,,,,,,,,,,,,,,,Mongolia,152.28,Montenegro,1.74,,Palau,,,,,,,,,,,,Palau,No data,No data,,
Myanmar,SEA,"52,403,669.00","East, South and South-East Asia",A,"393,499.72","382,019.70","11,480.02",85.00,85.00,90.00,"106,490.00","226,574",47.00%,"99,404","217,074",45.79%,"7,086.00","9,500.00",75%,"200,000","4,631","91,585.16","3,473.13","5,782.99",118.42,"2,232.46",2.82,14.54,"4,291.80","1,533.90",519.68,"2,423.63","5,107.56",84.22,"22,112.01",,,,,,,,,,,,,,,,,,,,,,,,,,,Montenegro,60.09,Morocco,"1,094.39",,"Palestine, State of",,,,,,,,,,,,Panama,60 [55-65],10 227,60.00%,"10,227.00"
Namibia,AFR,"2,425,561.00",Sub-Saharan Africa,A,"297,031.57","240,660.40","56,371.17",85.00,85.00,87.00,"144,496.00","209,414",69.00%,"134,486","199,414",67.44%,"10,010.00","10,000.00",95%,"190,000","19,000","128,136.83","18,050.00","7,435.70",632.23,"3,355.43",17.57,90.77,"4,500.16","1,475.32",851.65,"3,496.19","4,994.04",78.20,"26,927.25",,,,,,,,,,,,,,,,,,,,,,,,,,,Morocco,"16,281.27",Mozambique,"1,472,600.00",,Panama,200,162,92.00%,,,,,,,,,Papua New Guinea,53 [48-58],21 198,53.00%,"21,198.00"
Nauru,WPR,"12,475.00",Oceania,A,0.00,0.00,0.00,97.14,97.14,97.14,,,36.37%,,,36.37%,,,,,,,,0.00,0.00,0.00,0.00,0.00,0.00,0.00,0.00,0.00,0.00,0.00,0.00,,,,,,,,,,,,,,,,,,,,,,,,,,,Mozambique,"2,769,133.00",Myanmar,"11,480.02",,Papua New Guinea,"3,300","1,170",36.00%,,,,,,,,,Paraguay,31 [22-49],5 499,31.00%,"5,499.00"
Nepal,SEA,"28,656,282.00","East, South and South-East Asia",A,"90,026.45","83,510.78","6,515.67",97.14,97.14,97.14,"11,922.00","38,458",31.00%,"11,029","36,858",29.92%,893.00,"1,600.00",58%,"51,000","2,738","15,260.68","1,587.88",171.42,8.60,70.79,0.24,1.21,116.80,40.72,17.93,75.33,135.96,2.29,641.29,,,,,,,,,,,,,,,,,,,,,,,,,,,Myanmar,"382,019.70",Namibia,"56,371.17",,Paraguay,500,175,58.00%,,,,,,,,,Peru,56 [48-67],37 201,56.00%,"37,201.00"
Netherlands,EUR,"16,939,923.00",Europe and Central Asia,A,"3,232.71","3,127.20",105.50,97.14,97.14,97.14,,,0.00%,,,0.00%,,,,"22,547",30,0.00,0.00,0.00,0.00,0.00,0.00,0.00,0.00,0.00,0.00,0.00,0.00,0.00,0.00,,,,,,,,,,,,,,,,,,,,,,,,,,,Namibia,"240,660.40",Nepal,"6,515.67",,Peru,"1,100",888,84.00%,,,,,,,,,Philippines,27 [19-80],12 533,27.00%,"12,533.00"
New Caledonia,WPR,"273,000.00",,A,0.00,0.00,0.00,97.14,97.14,97.14,,,36.37%,,,36.37%,,,,,,,,0.00,0.00,0.00,0.00,0.00,0.00,0.00,0.00,0.00,0.00,0.00,0.00,,,,,,,,,,,,,,,,,,,,,,,,,,,Nepal,"83,510.78",Netherlands,105.50,,Philippines,500,41,10.00%,,,,,,,,,Poland,High-income country,No data,,
New Zealand,WPR,"4,595,700.00",,A,628.40,607.33,21.07,97.14,97.14,97.14,,,36.37%,,,36.37%,,,,"13,129",,"4,775.37",,1.29,0.01,0.48,0.00,0.00,1.00,0.36,0.11,0.53,1.21,0.02,5.00,,,,,,,,,,,,,,,,,,,,,,,,,,,Netherlands,"3,127.20",New Zealand,21.07,,Poland,,,,,,,,,,,,Portugal,High-income country,No data,,
Nicaragua,AMR,"6,082,035.00",Latin America and the Caribbean,B,"9,753.16","9,524.27",228.89,79.00,78.00,97.14,"3,350.00","9,853",34.00%,"3,228","9,653",33.44%,122.00,200.00,69%,"6,800",465,"2,273.96",320.73,144.53,3.03,56.04,0.07,0.37,106.78,38.33,13.22,60.77,127.39,2.15,552.67,,,,,,,,,,,,,,,,,,,,,,,,,,,New Zealand,607.33,Nicaragua,228.89,,Portugal,,,,,,,,,,,,Qatar,High-income country,No data,,
Niger,AFR,"19,896,965.00",Sub-Saharan Africa,A,"195,978.98","135,371.90","60,607.08",67.00,67.00,71.00,"12,887.00","49,565",26.00%,"11,965","43,665",27.40%,922.00,"5,900.00",16%,"41,000","13,434","11,234.64","2,149.44","3,195.16",240.45,"1,362.00",6.98,35.65,"2,051.18",694.72,374.48,"1,430.98","2,330.76",39.26,"11,761.63",,,,,,,,,,,,,,,,,,,,,,,,,,,Nicaragua,"9,524.27",Niger,"60,607.08",,Qatar,,,,,,,,,,,,Republic of Korea,High-income country,No data,,
Nigeria,AFR,"181,181,744.00",Sub-Saharan Africa,A,"7,887,547.00","5,694,592.00","2,192,955.00",97.14,97.14,97.14,"828,867.00","2,312,993",35.84%,"785,212","2,312,993",33.95%,"43,655.00",,,"3,000,000","420,000","1,018,436.33",0.00,"11,257.84",45.10,"4,191.03",0.00,0.00,"8,702.90","3,170.70",947.65,"4,600.62","10,514.54",177.37,"43,607.76",,,,,,,,,,,,,,,,,,,,,,,,,,,Niger,"135,371.90",Nigeria,"2,192,955.00",,Republic of Korea,,,,,,,,,,,,Republic of Moldova,21 [18-25],3 850,21.00%,"3,850.00"
Niue,WPR,,Oceania,A,0.00,0.00,0.00,97.14,97.14,97.14,,,36.37%,,,36.37%,,,,,,,,0.00,0.00,0.00,0.00,0.00,0.00,0.00,0.00,0.00,0.00,0.00,0.00,,,,,,,,,,,,,,,,,,,,,,,,,,,Nigeria,"5,694,592.00",North Africa and Middle East,"69,061.61",,Republic of Moldova,200,106,75.00%,,,,,,,,,Romania,No data,10 551,,"10,551.00"
Northern Mariana Islands,WPR,"54,816.00",,A,69.21,66.76,2.44,97.14,97.14,97.14,,,36.37%,,,36.37%,,,,,,,,0.14,0.00,0.05,0.00,0.00,0.11,0.04,0.01,0.06,0.13,0.00,0.55,,,,,,,,,,,,,,,,,,,,,,,,,,,North Africa and Middle East,"347,521.20",North East England,9.95,,Romania,,243,,,,,,,,,,Russian Federation,No data,No data,,
Norway,EUR,"5,188,607.00",Europe and Central Asia,A,699.33,678.35,20.98,97.14,97.14,97.14,,,0.00%,,,0.00%,,,,"6,906",9,0.00,0.00,0.00,0.00,0.00,0.00,0.00,0.00,0.00,0.00,0.00,0.00,0.00,0.00,,,,,,,,,,,,,,,,,,,,,,,,,,,North Africa and Middle East,"347,521.20",North Korea,"1,909.91",,Russian Federation,,,,,,,,,,,,Rwanda,79 [70-87],158 728,79.00%,"158,728.00"
Oman,EMR,"4,199,810.00",Middle East and North Africa,A,"3,404.10","3,332.48",71.63,66.00,66.00,67.00,"1,098.00",,0.00%,"1,067",,0.00%,31.00,,,"3,959",214,0.00,0.00,0.00,0.00,0.00,0.00,0.00,0.00,0.00,0.00,0.00,0.00,0.00,0.00,,,,,,,,,,,,,,,,,,,,,,,,,,,North East England,253.39,North West England,52.28,,Rwanda,"11,000","8,266",74.00%,,,,,,,,,Saint Kitts and Nevis,High-income country,No data,,
Pakistan,EMR,"189,380,513.00","East, South and South-East Asia",A,"78,120.91","67,978.19","10,142.72",97.14,97.14,97.14,"6,564.00","109,400",6.00%,"6,433","106,900",6.02%,131.00,"2,500.00",5%,"58,000","15,614","3,490.31",780.70,26.03,1.13,10.52,0.03,0.16,18.13,6.42,2.74,11.24,21.36,0.37,98.13,,,,,,,,,,,,,,,,,,,,,,,,,,,North Korea,"26,687.75",Northern Ireland,6.41,,Saint Kitts and Nevis,,,,,,,,,,,,Saint Lucia,No data,No data,,
Palau,WPR,"21,288.00",Oceania,A,0.00,0.00,0.00,97.14,97.14,97.14,,,36.37%,,,36.37%,,,,,,,,0.00,0.00,0.00,0.00,0.00,0.00,0.00,0.00,0.00,0.00,0.00,0.00,,,,,,,,,,,,,,,,,,,,,,,,,,,North West England,955.98,Northern Mariana Islands,2.44,,Saint Lucia,,,,,,,,,,,,Saint Vincent and the Grenadines,No data,No data,,
Panama,AMR,"3,969,249.00",Latin America and the Caribbean,B,"23,247.42","23,000.54",246.88,97.14,97.14,97.14,"10,227.00","17,045",60.00%,"10,065","16,845",59.75%,162.00,200.00,92%,"16,000",303,"9,560.11",279.09,85.35,0.81,31.93,0.01,0.07,65.51,23.51,7.13,34.97,78.36,1.26,328.93,,,,,,,,,,,,,,,,,,,,,,,,,,,Northern Ireland,407.96,Norway,20.98,,Saint Vincent and the Grenadines,,,,,,,,,,,,Samoa,No data,No data,,
Papua New Guinea,WPR,"7,919,825.00",Oceania,A,"43,382.94","39,671.85","3,711.09",90.00,97.14,97.14,"21,198.00","39,996",53.00%,"20,028","36,696",54.58%,"1,170.00","3,300.00",36%,"23,000","3,200","12,552.90","1,152.00",488.06,11.52,187.97,0.29,1.49,361.58,128.41,44.26,203.92,428.43,6.95,"1,862.90",,,,,,,,,,,,,,,,,,,,,,,,,,,Northern Mariana Islands,66.76,Oceania,"4,484.07",,Samoa,,,,,,,,,,,,San Marino,High-income country,No data,,
Paraguay,AMR,"6,639,119.00",Latin America and the Caribbean,B,"17,659.28","16,829.96",829.32,78.00,77.00,94.00,"5,499.00","17,739",31.00%,"5,324","17,239",30.88%,175.00,500.00,58%,"10,000","6,881","3,088.40","3,991.02",257.96,8.78,102.89,0.23,1.19,183.99,65.26,25.15,110.61,217.28,3.67,977.01,,,,,,,,,,,,,,,,,,,,,,,,,,,Norway,678.35,Oman,71.63,,San Marino,,,,,,,,,,,,Sao Tome and Principe,No data,No data,,
Peru,AMR,"31,376,671.00",Latin America and the Caribbean,B,"42,538.90","41,977.43",561.47,81.00,82.00,51.00,"37,201.00","66,430",56.00%,"36,313","65,330",55.58%,888.00,"1,100.00",84%,"71,000","32,520","39,464.39","27,316.89",959.79,10.39,360.67,0.20,1.01,733.32,263.36,81.18,394.58,877.15,14.23,"3,695.89",,,,,,,,,,,,,,,,,,,,,,,,,,,Oceania,"46,327.10",Pakistan,"10,142.72",,Sao Tome and Principe,,,,,,,,,,,,Saudi Arabia,High-income country,No data,,
Philippines,WPR,"101,716,359.00","East, South and South-East Asia",A,"219,807.38","171,126.20","48,681.18",90.00,90.00,64.00,"12,533.00","46,419",27.00%,"12,492","45,919",27.20%,41.00,500.00,10%,"12,000","8,622","3,264.57",862.17,"1,047.28",38.71,416.07,1.06,5.42,745.77,264.13,104.69,446.94,879.50,14.93,"3,964.50",,,,,,,,,,,,,,,,,,,,,,,,,,,Oman,"3,332.48",Palestine,137.03,,Saudi Arabia,,92,,,,,,,,,,Senegal,40 [34-49],18 375,40.00%,"18,375.00"
Poland,EUR,"37,986,412.00",Europe and Central Asia,A,"7,167.19","6,596.05",571.14,97.14,97.14,97.14,,,0.00%,,,0.00%,,,,"3,608,044","4,840",0.00,0.00,0.00,0.00,0.00,0.00,0.00,0.00,0.00,0.00,0.00,0.00,0.00,0.00,,,,,,,,,,,,,,,,,,,,,,,,,,,Pakistan,"67,978.19",Panama,246.88,,Senegal,"4,800","1,183",25.00%,,,,,,,,,Serbia,No data,1 400,,"1,400.00"
Portugal,EUR,"10,358,076.00",Europe and Central Asia,A,"31,209.44","30,996.17",213.27,97.14,97.14,97.14,,,0.00%,,,0.00%,,,,"983,836","1,320",0.00,0.00,0.00,0.00,0.00,0.00,0.00,0.00,0.00,0.00,0.00,0.00,0.00,0.00,,,,,,,,,,,,,,,,,,,,,,,,,,,Palestine,690.76,Papua New Guinea,"3,711.09",,Serbia,,11,,,,,,,,,,Seychelles,High-income country,No data,,
Puerto Rico,AMR,"3,473,181.00",,B,"12,713.40","12,482.09",231.31,97.14,97.14,97.14,,,36.37%,,,36.37%,,,,,,,,26.54,0.11,9.87,0.00,0.00,20.54,7.48,2.23,10.84,24.80,0.42,102.81,,,,,,,,,,,,,,,,,,,,,,,,,,,Panama,"23,000.54",Paraguay,829.32,,Seychelles,,,,,,,,,,,,Sierra Leone,27 [24-31],14 041,27.00%,"14,041.00"
Qatar,EMR,"2,481,539.00",,A,346.51,336.58,9.92,97.14,97.14,97.14,,,36.37%,,,36.37%,,,,,,,,0.72,0.00,0.27,0.00,0.00,0.55,0.20,0.06,0.29,0.67,0.01,2.77,,,,,,,,,,,,,,,,,,,,,,,,,,,Papua New Guinea,"39,671.85",Peru,561.47,,Sierra Leone,"4,400",575,13.00%,,,,,,,,,Singapore,High-income country,1 533,,"1,533.00"
Republic of Korea,WPR,"51,014,947.00",,A,0.00,0.00,0.00,97.14,97.14,97.14,,,36.37%,,,36.37%,,,,"25,519","1,427","9,281.73",0.00,0.00,0.00,0.00,0.00,0.00,0.00,0.00,0.00,0.00,0.00,0.00,0.00,,,,,,,,,,,,,,,,,,,,,,,,,,,Paraguay,"16,829.96",Philippines,"48,681.18",,Singapore,,0,,,,,,,,,,Slovakia,High-income country,No data,,
Republic of Moldova,EUR,"3,554,108.00",Europe and Central Asia,A,0.00,0.00,0.00,84.00,84.00,97.14,"3,850.00","18,333",21.00%,"3,744","18,133",20.65%,106.00,200.00,75%,"18,000",240,"3,716.47",179.64,0.00,0.00,0.00,0.00,0.00,0.00,0.00,0.00,0.00,0.00,0.00,0.00,,,,,,,,,,,,,,,,,,,,,,,,,,,Peru,"41,977.43",Poland,571.14,,Slovakia,,,,,,,,,,,,Slovenia,High-income country,No data,,
Romania,EUR,"19,815,481.00",Europe and Central Asia,A,"5,167.92","4,608.22",559.70,97.14,97.14,97.14,"10,551.00",,0.00%,"10,308",,0.00%,243.00,,,"26,374",35,0.00,0.00,0.00,0.00,0.00,0.00,0.00,0.00,0.00,0.00,0.00,0.00,0.00,0.00,,,,,,,,,,,,,,,,,,,,,,,,,,,Philippines,"171,126.20",Portugal,213.27,,Slovenia,,,,,,,,,,,,Solomon Islands,No data,No data,,
Russia,EUR,"144,096,870.00",Europe and Central Asia,A,"988,825.31","948,880.70","39,944.61",97.14,97.14,97.14,,,36.37%,,,0.00%,,,,"780,475","9,711",0.00,0.00,0.00,0.00,0.00,0.00,0.00,0.00,0.00,0.00,0.00,0.00,0.00,0.00,,,,,,,,,,,,,,,,,,,,,,,,,,,Poland,"6,596.05",Puerto Rico,231.31,,Solomon Islands,,,,,,,,,,,,Somalia,8 [5-10],2 310,8.00%,"2,310.00"
Rwanda,AFR,"11,629,553.00",Sub-Saharan Africa,A,"275,603.83","197,362.90","78,240.93",91.00,97.14,97.14,"158,728.00","200,922",79.00%,"150,462","189,922",79.22%,"8,266.00","11,000.00",74%,"170,000","33,000","134,679.53","24,420.00","4,443.19",402.61,"1,989.81",11.39,58.65,"2,686.54",870.17,520.48,"2,070.95","2,957.02",45.22,"16,056.04",,,,,,,,,,,,,,,,,,,,,,,,,,,Portugal,"30,996.17",Qatar,9.92,,Somalia,"3,100",112,4.00%,,,,,,,,,South Africa,48 [46-52],3 384 160,48.00%,"3,384,160.00"
Saint Kitts and Nevis,AMR,"54,288.00",Latin America and the Caribbean,B,0.00,0.00,0.00,97.14,97.14,97.14,,,100.00%,,,100.00%,,,,,,,,0.00,0.00,0.00,0.00,0.00,0.00,0.00,0.00,0.00,0.00,0.00,0.00,,,,,,,,,,,,,,,,,,,,,,,,,,,Puerto Rico,"12,482.09",Romania,559.70,,South Africa,"240,000","174,891",74.00%,,,,,,,,,South Sudan,11 [7-15],19 553,11.00%,"19,553.00"
Saint Lucia,AMR,"177,206.00",Latin America and the Caribbean,B,439.96,412.16,27.80,67.00,67.00,97.14,,,100.00%,,,100.00%,,,,,,,,31.16,0.11,11.25,0.00,0.00,24.66,8.73,2.37,12.42,29.32,0.44,120.45,,,,,,,,,,,,,,,,,,,,,,,,,,,Qatar,336.58,Russia,"39,944.61",,South Sudan,"14,000",728,5.00%,,,,,,,,,Spain,74 [63-87],110 000,74.00%,"110,000.00"
Saint Vincent and the Grenadines,AMR,"109,455.00",Latin America and the Caribbean,B,944.46,888.06,56.40,97.14,97.14,97.14,,,100.00%,,,100.00%,,,,,,,,5.82,0.02,2.10,0.00,0.00,4.60,1.63,0.44,2.32,5.48,0.08,22.49,,,,,,,,,,,,,,,,,,,,,,,,,,,Romania,"4,608.22",Rwanda,"78,240.93",,Spain,100,400,95.00%,,,,,,,,,Sri Lanka,19 [13-30],804,19.00%,804.00
Samoa,WPR,"193,759.00",Oceania,A,407.23,339.61,67.62,97.14,97.14,97.14,,,36.37%,,,36.37%,,,,,,,,0.72,0.00,0.27,0.00,0.00,0.56,0.20,0.06,0.29,0.67,0.01,2.80,,,,,,,,,,,,,,,,,,,,,,,,,,,Russia,"948,880.70",Saint Lucia,27.80,,Sri Lanka,100,36,46.00%,,,,,,,,,Sudan,8 [5-13],4 388,8.00%,"4,388.00"
San Marino,EUR,"32,960.00",Europe and Central Asia,A,0.00,0.00,0.00,97.14,97.14,97.14,,,0.00%,,,0.00%,,,,,,,,0.00,0.00,0.00,0.00,0.00,0.00,0.00,0.00,0.00,0.00,0.00,0.00,,,,,,,,,,,,,,,,,,,,,,,,,,,Rwanda,"197,362.90",Saint Vincent and the Grenadines,56.40,,Sudan,"3,500",394,11.00%,,,,,,,,,Suriname,55 [48-63],2 076,55.00%,"2,076.00"
Sao Tome and Principe,AFR,"195,553.00",Sub-Saharan Africa,A,22.98,21.51,1.47,62.00,61.00,71.00,,,35.84%,,,35.84%,,,,"1,200",132,430.02,0.00,0.60,0.00,0.22,0.00,0.00,0.46,0.17,0.05,0.24,0.56,0.01,2.32,,,,,,,,,,,,,,,,,,,,,,,,,,,Saint Lucia,412.16,Samoa,67.62,,Suriname,100,74,95.00%,,,,,,,,,Swaziland,67 [62-73],147 274,67.00%,"147,274.00"
Saudi Arabia,EMR,"31,557,144.00",Middle East and North Africa,A,"24,373.23","22,159.24","2,213.99",90.00,91.00,85.00,,,0.00%,,,0.00%,92.00,,,,,,,0.00,0.00,0.00,0.00,0.00,0.00,0.00,0.00,0.00,0.00,0.00,0.00,,,,,,,,,,,,,,,,,,,,,,,,,,,Saint Vincent and the Grenadines,888.06,Sao Tome and Principe,1.47,,Swaziland,"10,000","8,063",78.00%,,,,,,,,,Sweden,High-income country,No data,,
Senegal,AFR,"14,976,994.00",Sub-Saharan Africa,A,"134,448.76","101,581.20","32,867.56",77.00,77.00,74.00,"18,375.00","45,938",40.00%,"17,192","41,138",41.79%,"1,183.00","4,800.00",25%,"37,000","10,112","15,462.87","2,528.03","2,452.08",144.93,"1,014.79",4.12,21.09,"1,649.46",567.06,265.57,"1,076.33","1,899.79",31.33,"9,126.56",,,,,,,,,,,,,,,,,,,,,,,,,,,Samoa,339.61,Saudi Arabia,"2,213.99",,Sweden,,,,,,,,,,,,Switzerland,High-income country,No data,,
Serbia,EUR,"7,095,383.00",Europe and Central Asia,A,"2,238.16","2,154.67",83.49,97.14,97.14,97.14,"1,400.00",,0.00%,"1,389",,0.00%,11.00,,,"9,444",13,0.00,0.00,0.00,0.00,0.00,0.00,0.00,0.00,0.00,0.00,0.00,0.00,0.00,0.00,,,,,,,,,,,,,,,,,,,,,,,,,,,Sao Tome and Principe,21.51,Scotland,44.14,,Switzerland,,,,,,,,,,,,Syrian Arab Republic,No data,No data,,
Seychelles,AFR,"93,419.00",Sub-Saharan Africa,A,257.17,241.51,15.66,52.00,52.00,80.00,,,35.84%,,,35.84%,,,,,,,,8.48,0.03,3.16,0.00,0.00,6.56,2.39,0.71,3.47,7.93,0.13,32.86,,,,,,,,,,,,,,,,,,,,,,,,,,,Saudi Arabia,"22,159.24",Senegal,"32,867.56",,Syrian Arab Republic,,,,,,,,,,,,Tajikistan,19 [15-24],3 139,19.00%,"3,139.00"
Sierra Leone,AFR,"7,237,025.00",Sub-Saharan Africa,A,"152,842.72","128,471.30","24,371.42",97.14,97.14,97.14,"14,041.00","52,004",27.00%,"13,466","47,604",28.29%,575.00,"4,400.00",13%,"53,000","5,800","14,992.49",754.00,230.22,7.36,90.64,0.20,1.01,166.01,59.07,22.46,97.67,196.56,3.33,874.52,,,,,,,,,,,,,,,,,,,,,,,,,,,Scotland,"1,881.44",Serbia,83.49,,Tajikistan,500,501,95.00%,,,,,,,,,Thailand,65 [60-72],282 135,65.00%,"282,135.00"
Singapore,WPR,"5,535,002.00","East, South and South-East Asia",A,650.56,630.10,20.47,93.00,93.00,97.14,"1,533.00","6,088",25.18%,"1,533","6,088",25.18%,0.00,,,,457,,0.00,2.23,0.01,0.83,0.00,0.00,1.72,0.63,0.19,0.91,2.08,0.04,8.64,,,,,,,,,,,,,,,,,,,,,,,,,,,Senegal,"101,581.20",Seychelles,15.66,,Thailand,"4,100","3,813",95.00%,,,,,,,,,The former Yugoslav republic of Macedonia,No data,No data,,
Sint Maarten (Dutch part),AMR,"38,824.00",,B,0.00,0.00,0.00,97.14,97.14,97.14,,,36.37%,,,36.37%,,,,,,,,0.00,0.00,0.00,0.00,0.00,0.00,0.00,0.00,0.00,0.00,0.00,0.00,,,,,,,,,,,,,,,,,,,,,,,,,,,Serbia,"2,154.67",Sierra Leone,"24,371.42",,The former Yugoslav Republic of Macedonia,,,,,,,,,,,,Timor-Leste,No data,No data,,
Slovakia,EUR,"5,423,801.00",Europe and Central Asia,A,266.52,266.33,0.19,97.14,97.14,97.14,,,0.00%,,,0.00%,,,,"515,166",691,0.00,0.00,0.00,0.00,0.00,0.00,0.00,0.00,0.00,0.00,0.00,0.00,0.00,0.00,,,,,,,,,,,,,,,,,,,,,,,,,,,Seychelles,241.51,Singapore,20.47,,Timor-Leste,,,,,,,,,,,,Togo,41 [35-48],43 603,41.00%,"43,603.00"
Slovenia,EUR,"2,063,531.00",Europe and Central Asia,A,83.00,75.86,7.14,97.14,97.14,97.14,,,0.00%,,,0.00%,,,,"195,999",263,0.00,0.00,0.00,0.00,0.00,0.00,0.00,0.00,0.00,0.00,0.00,0.00,0.00,0.00,,,,,,,,,,,,,,,,,,,,,,,,,,,Sierra Leone,"128,471.30",Slovakia,0.19,,Togo,"9,000","3,058",34.00%,,,,,,,,,Tonga,No data,No data,,
Solomon Islands,WPR,"587,482.00",Oceania,A,"1,302.39","1,064.90",237.49,83.00,97.14,97.14,,,36.37%,,,36.37%,,,,,,,,13.46,0.05,5.01,0.00,0.00,10.41,3.79,1.13,5.50,12.57,0.21,52.14,,,,,,,,,,,,,,,,,,,,,,,,,,,Singapore,630.10,Slovenia,7.14,,Tonga,,,,,,,,,,,,Trinidad and Tobago,62 [59-66],6 720,62.00%,"6,720.00"
Somalia,EMR,"13,908,129.00",Sub-Saharan Africa,A,"92,811.29","60,049.43","32,761.86",81.00,97.14,97.14,"2,310.00","28,875",8.00%,"2,198","25,775",8.53%,112.00,"3,100.00",4%,"25,000",710,"2,131.91",28.41,245.76,18.58,104.79,0.54,2.77,157.38,53.62,29.34,110.02,179.51,3.12,905.41,,,,,,,,,,,,,,,,,,,,,,,,,,,Slovakia,266.33,Solomon Islands,237.49,,Trinidad and Tobago,100,131,95.00%,,,,,,,,,Tunisia,28 [19-41],734,28.00%,734.00
South Africa,AFR,"55,011,976.68",Sub-Saharan Africa,A,"9,101,345.00","7,063,812.00","2,037,533.00",97.14,97.14,97.14,"3,384,160.00","7,050,333",48.00%,"3,209,269","6,810,333",47.12%,"174,891.00","240,000.00",74%,"540,000","440,000","254,467.02","325,600.00","30,935.22","3,314.40","14,444.81",94.26,485.39,"17,476.86","5,577.15","3,925.12","14,886.25","18,926.67",305.56,"110,371.69",,,,,,,,,,,,,,,,,,,,,,,,,,,Slovenia,75.86,Somalia,"32,761.86",,Tunisia,,20,,,,,,,,,,Turkey,No data,No data,,
South Sudan,AFR,"11,882,136.00",Sub-Saharan Africa,A,"485,667.69","390,553.60","95,114.09",76.00,76.00,76.00,"19,553.00","177,755",11.00%,"18,825","163,755",11.50%,728.00,"14,000.00",5%,,,,,"2,371.79",90.37,947.70,2.49,12.69,"1,677.44",596.55,242.19,"1,016.32","1,983.04",34.54,"8,975.11",,,,,,,,,,,,,,,,,,,,,,,,,,,Solomon Islands,"1,064.90",South Africa,"2,037,533.00",,Turkey,,,,,,,,,,,,Turkmenistan,No data,No data,,
Spain,EUR,"46,447,697.00",,A,"44,345.05","43,690.42",654.63,12.00,97.14,97.14,"110,000.00","148,649",74.00%,"109,600","148,549",73.78%,400.00,100.00,95%,"61,821",83,"45,611.56",78.78,"6,334.81",64.87,"2,360.52",1.20,6.18,"4,874.83","1,737.71",520.56,"2,587.03","5,807.88",91.14,"24,386.72",,,,,,,,,,,,,,,,,,,,,,,,,,,Somalia,"60,049.43",South Asia,"2,140,739.00",,Turkmenistan,,,,,,,,,,,,Tuvalu,No data,No data,,
Sri Lanka,SEA,"20,966,000.00","East, South and South-East Asia",A,"2,672.64","2,442.16",230.48,82.00,81.00,97.14,804.00,"4,232",19.00%,768,"4,132",18.59%,36.00,100.00,46%,"2,700","1,872",501.89,861.00,20.85,1.47,8.95,0.04,0.21,13.39,4.57,2.39,9.41,15.31,0.26,76.87,,,,,,,,,,,,,,,,,,,,,,,,,,,South Africa,"7,063,812.00",South East England,87.28,,Tuvalu,,,,,,,,,,,,Uganda,57 [53-62],834 931,57.00%,"834,931.00"
Sudan,EMR,"38,647,803.00",,A,"221,104.87","199,167.10","21,937.77",97.14,97.14,97.14,"4,388.00","54,850",8.00%,"3,994","51,350",7.78%,394.00,"3,500.00",11%,"36,435","1,973","2,833.93",217.07,102.12,5.31,41.93,0.15,0.77,69.54,24.39,11.09,44.58,81.24,1.42,382.56,,,,,,,,,,,,,,,,,,,,,,,,,,,South Asia,"11,873,092.00",South Korea,313.37,,Uganda,"96,000","60,029",63.00%,,,,,,,,,Ukraine,28 [24-32],60 753,28.00%,"60,753.00"
Suriname,AMR,"553,208.00",Latin America and the Caribbean,B,"6,288.28","6,141.12",147.16,97.14,97.14,97.14,"2,076.00","3,775",55.00%,"2,002","3,675",54.48%,74.00,100.00,95%,"3,600",42,"1,961.39",40.17,21.26,0.38,8.16,0.01,0.05,15.90,5.67,1.86,8.87,18.91,0.31,81.38,,,,,,,,,,,,,,,,,,,,,,,,,,,South East England,"1,431.49",South Sudan,"95,114.09",,Ukraine,"3,200","2,415",75.00%,,,,,,,,,United Arab Emirates,High-income country,No data,,
Swaziland,AFR,"1,319,011.00",Sub-Saharan Africa,A,"352,656.93","280,416.90","72,240.03",96.00,97.14,97.14,"147,274.00","219,812",67.00%,"139,211","209,812",66.35%,"8,063.00","10,000.00",78%,"180,000","23,000","119,430.67","17,940.00","2,188.45",175.74,964.71,4.93,25.39,"1,361.40",450.17,248.45,"1,009.12","1,521.64",23.90,"7,973.90",,,,,,,,,,,,,,,,,,,,,,,,,,,South Korea,"5,913.10",South West England,41.73,,United Arab Emirates,,,,,,,,,,,,United Kingdom of Great Britain and Northern Ireland,High-income country,No data,,
Sweden,EUR,"9,799,186.00",Europe and Central Asia,A,"1,205.82","1,166.96",38.85,97.14,97.14,97.14,,,0.00%,,,0.00%,,,,"930,751","1,249",0.00,0.00,0.00,0.00,0.00,0.00,0.00,0.00,0.00,0.00,0.00,0.00,0.00,0.00,,,,,,,,,,,,,,,,,,,,,,,,,,,South Sudan,"390,553.60",Southeast Asia,"156,293.30",,United Kingdom,,,,,,,,,,,,United Republic of Tanzania,53 [48-60],740 078,53.00%,"740,078.00"
Switzerland,EUR,"8,282,396.00",Europe and Central Asia,A,"2,685.55","2,623.45",62.11,97.14,97.14,97.14,,,0.00%,,,0.00%,,,,"786,683","1,055",0.00,0.00,0.00,0.00,0.00,0.00,0.00,0.00,0.00,0.00,0.00,0.00,0.00,0.00,,,,,,,,,,,,,,,,,,,,,,,,,,,South West England,813.21,"Southeast Asia, East Asia, and Oceania","280,509.30",,United Republic of Tanzania,"91,000","51,474",56.00%,,,,,,,,,United States of America,High-income country,No data,,
Syrian Arab Republic,EMR,"18,734,987.00",Middle East and North Africa,A,0.00,0.00,0.00,97.14,97.14,97.14,,,0.00%,,,0.00%,,,,,,,,0.00,0.00,0.00,0.00,0.00,0.00,0.00,0.00,0.00,0.00,0.00,0.00,,,,,,,,,,,,,,,,,,,,,,,,,,,Southeast Asia,"2,592,415.00",Southern Latin America,"5,271.33",,United States,,,,,,,,,,,,Uruguay,60 [52-71],6 113,60.00%,"6,113.00"
Tajikistan,EUR,"8,548,651.00",Europe and Central Asia,A,"8,972.27","8,162.65",809.62,82.00,80.00,93.00,"3,139.00","16,521",19.00%,"2,638","16,021",16.47%,501.00,500.00,95%,"8,900",576,"1,465.46",547.32,85.59,10.75,42.58,0.30,1.56,43.65,13.50,11.55,43.38,45.93,0.78,299.58,,,,,,,,,,,,,,,,,,,,,,,,,,,"Southeast Asia, East Asia, and Oceania","4,471,543.00",Southern Sub-Saharan Africa,"2,989,348.00",,Uruguay,100,113,95.00%,,,,,,,,,Uzbekistan,40 [30-58],13 186,40.00%,"13,186.00"
Tanzania,AFR,"53,879,957.00",Sub-Saharan Africa,A,"2,700,468.60","2,157,596.00","542,872.60",97.14,97.14,97.14,,,36.37%,,,35.84%,,,,"1,200,000","260,000","430,023.11",0.00,"4,516.53",18.04,"1,680.14",0.00,0.00,"3,493.68","1,271.96",379.20,"1,844.66","4,219.16",70.95,"17,494.30",,,,,,,,,,,,,,,,,,,,,,,,,,,Southern Latin America,"102,351.00",Spain,654.63,,Uzbekistan,1000,"4,575",95.00%,,,,,,,,,Vanuatu,No data,No data,,
Thailand,SEA,"68,657,600.00","East, South and South-East Asia",A,"618,690.50","617,388.60","1,301.90",87.00,87.00,93.00,"282,135.00","434,054",65.00%,"278,322","429,954",64.73%,"3,813.00","4,100.00",95%,"460,000","5,826","297,771.78","5,534.41","11,191.26",54.65,"4,124.47",0.35,1.82,"8,716.23","3,134.06",906.19,"4,536.34","10,447.96",166.87,"43,280.20",,,,,,,,,,,,,,,,,,,,,,,,,,,Southern Sub-Saharan Africa,"10,478,537.00",Sri Lanka,230.48,,Vanuatu,,,,,,,,,,,,Venezuela (Bolivarian Republic of),59 [54-64],63 328,59.00%,"63,328.00"
The Former Yugoslav Republic of Macedonia,EUR,"2,079,308.00",Europe and Central Asia,A,0.00,0.00,0.00,97.14,97.14,97.14,,,0.00%,,,0.00%,,,,,,,,0.00,0.00,0.00,0.00,0.00,0.00,0.00,0.00,0.00,0.00,0.00,0.00,,,,,,,,,,,,,,,,,,,,,,,,,,,Spain,"43,690.42",Stockholm,16.78,,Venezuela (Bolivarian Republic of),"2,100","1,145",55.00%,,,,,,,,,Viet Nam,42 [37-47],106 373,42.00%,"106,373.00"
Timor-Leste,SEA,"1,240,977.00","East, South and South-East Asia",A,"3,324.53","2,800.05",524.48,97.14,97.14,97.14,,,25.18%,,,25.18%,,,,,,,,4.05,0.02,1.51,0.00,0.00,3.12,1.14,0.34,1.66,3.78,0.06,15.68,,,,,,,,,,,,,,,,,,,,,,,,,,,Sri Lanka,"2,442.16",Sub-Saharan Africa,"12,906,378.00",,Viet Nam,"4,900","4,865",95.00%,,,,,,,,,Yemen,15 [9-26],1 355,15.00%,"1,355.00"
Togo,AFR,"7,416,802.00",Sub-Saharan Africa,A,"333,705.77","270,540.80","63,164.97",97.14,97.14,97.14,"43,603.00","106,349",41.00%,"40,545","97,349",41.65%,"3,058.00","9,000.00",34%,"120,000","19,000","49,979.05","6,460.00",809.51,47.43,335.81,1.34,6.86,544.00,187.11,87.29,356.15,626.78,10.34,"3,012.62",,,,,,,,,,,,,,,,,,,,,,,,,,,Stockholm,607.32,Sudan,"21,937.77",,Yemen,500,140,32.00%,,,,,,,,,Zambia,63 [59-66],758 646,63.00%,"758,646.00"
Tokelau,WPR,,,A,0.00,0.00,0.00,97.14,97.14,97.14,,,36.37%,,,36.37%,,,,,,,,0.00,0.00,0.00,0.00,0.00,0.00,0.00,0.00,0.00,0.00,0.00,0.00,,,,,,,,,,,,,,,,,,,,,,,,,,,Sub-Saharan Africa,"37,183,438.00",Suriname,147.16,,Zambia,"85,000","51,903",61.00%,,,,,,,,,Zimbabwe,62 [56-67],878 461,62.00%,"878,461.00"
Tonga,WPR,"106,364.00",Oceania,A,70.98,58.53,12.45,97.14,97.14,97.14,,,36.37%,,,36.37%,,,,,,,,0.12,0.00,0.05,0.00,0.00,0.10,0.04,0.01,0.05,0.12,0.00,0.48,,,,,,,,,,,,,,,,,,,,,,,,,,,Sudan,"199,167.10",Swaziland,"72,240.03",,Zimbabwe,"77,000","61,064",80.00%,,,,,,,,,,,,,
Trinidad and Tobago,AMR,"1,360,092.00",,B,"10,906.39","10,470.87",435.52,90.00,90.00,97.14,"6,720.00","10,839",62.00%,"6,589","10,739",61.36%,131.00,100.00,95%,"14,000",202,"8,590.05",192.18,148.29,3.68,57.79,0.09,0.47,108.96,38.54,13.31,62.58,128.74,2.06,564.51,,,,,,,,,,,,,,,,,,,,,,,,,,,Suriname,"6,141.12",Sweden,38.85,,,,,,,,,,,,,,,,,,
Tunisia,EMR,"11,273,661.00",Middle East and North Africa,A,"4,388.28","4,206.57",181.71,79.00,97.14,97.14,734.00,"2,621",28.00%,714,"2,621",27.24%,20.00,,,"1,700",576,463.03,0.00,48.46,0.20,18.09,0.00,0.00,37.38,13.65,4.12,19.84,45.23,0.77,187.74,,,,,,,,,,,,,,,,,,,,,,,,,,,Swaziland,"280,416.90",Sweden except Stockholm,22.07,,,,,,,,,,,,,,,,,,
Turkey,EUR,"78,271,472.00",Europe and Central Asia,A,"9,611.37","8,426.08","1,185.29",97.14,97.14,97.14,,,0.00%,,,0.00%,,,,"104,177",140,0.00,0.00,0.00,0.00,0.00,0.00,0.00,0.00,0.00,0.00,0.00,0.00,0.00,0.00,,,,,,,,,,,,,,,,,,,,,,,,,,,Sweden,"1,166.96",Switzerland,62.11,,,,,,,,,,,,,,,,,,
Turkmenistan,EUR,"5,565,284.00",Europe and Central Asia,A,"17,007.76","16,269.72",738.04,97.14,97.14,97.14,,,0.00%,,,0.00%,,,,,,,,0.00,0.00,0.00,0.00,0.00,0.00,0.00,0.00,0.00,0.00,0.00,0.00,,,,,,,,,,,,,,,,,,,,,,,,,,,Sweden except Stockholm,559.64,Syria,235.63,,,,,,,,,,,,,,,,,,
Turks and Caicos Islands,AMR,"34,339.00",,B,0.00,0.00,0.00,97.14,97.14,97.14,,,36.37%,,,36.37%,,,,,,,,0.00,0.00,0.00,0.00,0.00,0.00,0.00,0.00,0.00,0.00,0.00,0.00,,,,,,,,,,,,,,,,,,,,,,,,,,,Switzerland,"2,623.45",Taiwan,255.25,,,,,,,,,,,,,,,,,,
Tuvalu,WPR,"11,001.00",Oceania,A,0.00,0.00,0.00,97.14,97.14,97.14,,,36.37%,,,36.37%,,,,,,,,0.00,0.00,0.00,0.00,0.00,0.00,0.00,0.00,0.00,0.00,0.00,0.00,,,,,,,,,,,,,,,,,,,,,,,,,,,Syria,"1,155.35",Tajikistan,809.62,,,,,,,,,,,,,,,,,,
Uganda,AFR,"40,144,870.00",Sub-Saharan Africa,A,"2,135,621.70","1,704,291.00","431,330.70",78.00,77.00,80.00,"834,931.00","1,464,791",57.00%,"774,902","1,368,791",56.61%,"60,029.00","96,000.00",63%,"1,200,000","190,000","679,345.67","119,700.00","59,920.99","4,624.63","26,052.85",130.62,671.58,"37,853.50","12,631.20","6,813.70","27,316.30","42,585.22",681.53,"219,282.13",,,,,,,,,,,,,,,,,,,,,,,,,,,Taiwan,"12,655.70",Tanzania,"542,872.60",,,,,,,,,,,,,,,,,,
Ukraine,EUR,"45,154,029.00",Europe and Central Asia,A,"372,178.14","368,306.80","3,871.34",86.00,97.14,97.14,"60,753.00","216,975",28.00%,"58,338","213,775",27.29%,"2,415.00","3,200.00",75%,"240,000","3,043","65,494.66","2,282.31","2,939.45",42.01,"1,125.13",0.89,4.58,"2,206.08",798.45,262.35,"1,225.11","2,649.11",45.13,"11,298.28",,,,,,,,,,,,,,,,,,,,,,,,,,,Tajikistan,"8,162.65",Thailand,"1,301.90",,,,,,,,,,,,,,,,,,
United Arab Emirates,EMR,"9,154,302.00",,A,"13,202.44","12,903.31",299.13,97.14,97.14,97.14,,,36.37%,,,36.37%,,,,,,,,27.44,0.11,10.21,0.00,0.00,21.23,7.73,2.30,11.20,25.63,0.43,106.28,,,,,,,,,,,,,,,,,,,,,,,,,,,Tanzania,"2,157,596.00",The Bahamas,29.40,,,,,,,,,,,,,,,,,,
United Kingdom of Great Britain and Northern Ireland,EUR,"65,128,861.00",Europe and Central Asia,A,0.00,0.00,0.00,97.14,97.14,97.14,,,0.00%,,,0.00%,,,,"86,685",116,0.00,0.00,0.00,0.00,0.00,0.00,0.00,0.00,0.00,0.00,0.00,0.00,0.00,0.00,,,,,,,,,,,,,,,,,,,,,,,,,,,Thailand,"617,388.60",The Gambia,"11,489.06",,,,,,,,,,,,,,,,,,
United States,AMR,"320,896,618.00",,B,"360,805.20","354,844.30","5,960.90",97.14,97.14,97.14,,,36.37%,,,36.37%,,,,"1,079,414","1,709","392,600.66",0.00,754.58,3.01,280.64,0.00,0.00,583.80,212.50,63.31,308.14,704.94,11.84,"2,922.77",,,,,,,,,,,,,,,,,,,,,,,,,,,The Bahamas,"4,584.67",Timor-Leste,524.48,,,,,,,,,,,,,,,,,,
Uruguay,AMR,"3,431,552.00",Latin America and the Caribbean,B,"7,386.93","7,240.11",146.82,97.14,97.14,97.14,"6,113.00","10,188",60.00%,"6,000","10,088",59.47%,113.00,100.00,95%,"13,000",262,"7,731.70",249.15,27.27,0.40,10.35,0.01,0.05,20.61,7.36,2.34,11.29,24.56,0.40,104.63,,,,,,,,,,,,,,,,,,,,,,,,,,,The Gambia,"27,038.66",Togo,"63,164.97",,,,,,,,,,,,,,,,,,
US Virgin Islands,AMR,"103,574.00",,B,0.00,0.00,0.00,97.14,97.14,97.14,,,36.37%,,,36.37%,,,,,,,,0.00,0.00,0.00,0.00,0.00,0.00,0.00,0.00,0.00,0.00,0.00,0.00,,,,,,,,,,,,,,,,,,,,,,,,,,,Timor-Leste,"2,800.05",Tonga,12.45,,,,,,,,,,,,,,,,,,
Uzbekistan,EUR,"31,298,900.00",Europe and Central Asia,A,"25,773.32","25,647.92",125.40,90.00,88.00,95.00,"13,186.00","32,965",40.00%,"8,611","31,965",26.94%,"4,575.00","1,000.00",95%,"29,000","2,109","7,812.26","2,003.87",142.34,1.47,54.04,0.03,0.13,107.87,39.18,12.46,59.00,129.93,2.22,548.66,,,,,,,,,,,,,,,,,,,,,,,,,,,Togo,"270,540.80",Trinidad and Tobago,435.52,,,,,,,,,,,,,,,,,,
Vanuatu,WPR,"264,603.00",Oceania,A,616.85,521.57,95.28,57.00,97.14,97.14,,,36.37%,,,36.37%,,,,,,,,16.68,0.07,6.20,0.00,0.00,12.90,4.70,1.40,6.81,15.58,0.26,64.59,,,,,,,,,,,,,,,,,,,,,,,,,,,Tonga,58.53,Tropical Latin America,"46,895.80",,,,,,,,,,,,,,,,,,
Venezuela,AMR,"31,155,134.00",Latin America and the Caribbean,B,"101,078.99","96,054.95","5,024.04",97.14,97.14,97.14,,,36.37%,,,100.00%,,,,"99,000","2,381","99,000.00",0.00,629.35,2.24,227.14,0.00,0.00,498.04,176.23,47.90,250.81,592.26,8.83,"2,432.81",,,,,,,,,,,,,,,,,,,,,,,,,,,Trinidad and Tobago,"10,470.87",Tunisia,181.71,,,,,,,,,,,,,,,,,,
Viet Nam,WPR,"91,713,300.00","East, South and South-East Asia",A,0.00,0.00,0.00,97.14,97.14,97.14,"106,373.00","253,269",42.00%,"101,508","248,369",40.87%,"4,865.00","4,900.00",95%,"250,000","7,868","102,174.57","7,474.13",0.00,0.00,0.00,0.00,0.00,0.00,0.00,0.00,0.00,0.00,0.00,0.00,,,,,,,,,,,,,,,,,,,,,,,,,,,Tropical Latin America,"927,190.60",Turkey,"1,185.29",,,,,,,,,,,,,,,,,,
Wallis and Futuna Islands,WPR,,,A,0.00,0.00,0.00,97.14,97.14,97.14,,,36.37%,,,36.37%,,,,,,,,0.00,0.00,0.00,0.00,0.00,0.00,0.00,0.00,0.00,0.00,0.00,0.00,,,,,,,,,,,,,,,,,,,,,,,,,,,Tunisia,"4,206.57",Turkmenistan,738.04,,,,,,,,,,,,,,,,,,
West Bank and Gaza Strip,EMR,"4,422,143.00",Middle East and North Africa,A,0.00,0.00,0.00,97.14,97.14,97.14,,,36.37%,,,0.00%,,,,,,,,0.00,0.00,0.00,0.00,0.00,0.00,0.00,0.00,0.00,0.00,0.00,0.00,,,,,,,,,,,,,,,,,,,,,,,,,,,Turkey,"8,426.08",Uganda,"431,330.70",,,,,,,,,,,,,,,,,,
Yemen,EMR,"26,916,207.00",Middle East and North Africa,A,"8,187.55","7,299.47",888.08,97.14,97.14,97.14,"1,355.00","9,033",15.00%,"1,215","8,533",14.24%,140.00,500.00,32%,"13,000","1,374","1,850.98",439.79,7.77,0.62,3.37,0.02,0.09,4.89,1.65,0.93,3.53,5.54,0.10,28.51,,,,,,,,,,,,,,,,,,,,,,,,,,,Turkmenistan,"16,269.72",Ukraine,"3,871.34",,,,,,,,,,,,,,,,,,
Zambia,AFR,"16,100,587.00",Sub-Saharan Africa,A,"2,027,191.30","1,156,376.00","870,815.30",93.00,97.14,97.14,"758,646.00","1,204,200",63.00%,"706,743","1,119,200",63.15%,"51,903.00","85,000.00",61%,"910,000","170,000","574,639.14","103,700.00","20,236.20","2,806.44","9,888.28",81.24,417.56,"10,325.48","3,075.17","2,842.70","10,049.21","10,586.87",164.16,"70,473.31",,,,,,,,,,,,,,,,,,,,,,,,,,,Uganda,"1,704,291.00",United Arab Emirates,299.13,,,,,,,,,,,,,,,,,,
Zimbabwe,AFR,"15,777,451.00",Sub-Saharan Africa,A,"2,526,567.30","1,902,673.00","623,894.30",86.00,85.00,91.00,"878,461.00","1,416,873",62.00%,"817,397","1,339,873",61.01%,"61,064.00","77,000.00",80%,"1,100,000","200,000","671,061.35","160,000.00","52,929.81","5,400.58","24,512.04",152.77,787.39,"30,429.67","9,741.31","6,523.24","25,328.34","33,087.55",521.85,"189,414.55",,,,,,,,,,,,,,,,,,,,,,,,,,,Ukraine,"368,306.80",United Kingdom,700.57,,,,,,,,,,,,,,,,,,
,,,,,,,,,,,,,,"13,194,904",,,"806,383",,,,,,,,,,,,,,,,Total Impact by Region,,,,,,,,,,,,,,,,,,,,,,,,,,,,,United Arab Emirates,"12,903.31",United States,"5,960.90",,,,,,,,,,,,,,,,,,
Sources / More details,,,,,,,,,,,,,,,,,,,,,,,,,,,,,,,,,EMR,"3,892.52",,,,,,,,,,,,,,,,,,,,,,,,,,,,United Kingdom,"12,940.98",Uruguay,146.82,,,,,,,,,,,,,,,,,,
WHO groupings (A & B):,https://docs.google.com/spreadsheet/ccc?key=0AoC8QSR3KjbYdHhORDZtdFNYOEtuMUtHM2REWWhzSWc#gid=4,,,,,,,,,,,,,,,,,,,,,,,,,,,,,,,,AFR,"2,211,955.58",,,,,,,,,,,,,,,,,,,,,,,,,,,,United States,"354,844.30",Uzbekistan,125.40,,,,,,,,,,,,,,,,,,
Antiretroviral coverage:,https://docs.google.com/spreadsheet/ccc?key=0AoC8QSR3KjbYdHhORDZtdFNYOEtuMUtHM2REWWhzSWc#gid=2,,,,,,,,,,,,,,,,,,,,,,,,,,,,,,,,WPR,"68,470.08",,,,,,,,,,,,,,,,,,,,,,,,,,,,Uruguay,"7,240.11",Vanuatu,95.28,,,,,,,,,,,,,,,,,,
Regimen breakdowns,https://docs.google.com/spreadsheet/ccc?key=0AoC8QSR3KjbYdHhORDZtdFNYOEtuMUtHM2REWWhzSWc#gid=6,,,,,,,,,,,,,,,,,,,,,,,,,,,,,,,,AMR,"194,717.92",,,,,,,,,,,,,,,,,,,,,,,,,,,,Uzbekistan,"25,647.92",Venezuela,"5,024.04",,,,,,,,,,,,,,,,,,
Drugs and manufacturers,https://docs.google.com/spreadsheet/ccc?key=0AoC8QSR3KjbYdHhORDZtdFNYOEtuMUtHM2REWWhzSWc#gid=3,,,,,,,,,,,,,,,,,,,,,,,,,,,,,,,,EUR,"38,879.91",,,,,,,,,,,,,,,,,,,,,,,,,,,,Vanuatu,521.57,Vietnam,"3,777.66",,,,,,,,,,,,,,,,,,
,,,,,,,,,,,,,,,,,,,,,,,,,,,,,,,,,SEA,"121,820.70",,,,,,,,,,,,,,,,,,,,,,,,,,,,Venezuela,"96,054.95","Virgin Islands, U.S.",10.74,,,,,,,,,,,,,,,,,,
,,,,,,,,,,,,,,,,,,,,,,,,,,,,,,,,,,,,,,,,,,,,,,,,,,,,,,,,,,,,,,Vietnam,"325,901.00",Wales,21.53,,,,,,,,,,,,,,,,,,
,,,,,,,,,,,,,,,,,,,,,,,,,,,,,,,,,,,,,,,,,,,,,,,,,,,,,,,,,,,,,,"Virgin Islands, U.S.",394.02,West Midlands,52.92,,,,,,,,,,,,,,,,,,
,,,,,,,,,,,,,,,,,,,,,,,,,,,,,,,,,,,,,,,,,,,,,,,,,,,,,,,,,,,,,,Wales,803.30,Western Europe,"3,924.34",,,,,,,,,,,,,,,,,,
,,,,,,,,,,,,,,,,,,,,,,,,,,,,,,,,,,,,,,,,,,,,,,,,,,,,,,,,,,,,,,West Midlands,800.12,Western Sub-Saharan Africa,"3,472,191.00",,,,,,,,,,,,,,,,,,
,,,,,,,,,,,,,,,,,,,,,,,,,,,,,,,,,,,,,,,,,,,,,,,,,,,,,,,,,,,,,,Western Europe,"187,575.20",Yemen,888.08,,,,,,,,,,,,,,,,,,
,,,,,,,,,,,,,,,,,,,,,,,,,,,,,,,,,,,,,,,,,,,,,,,,,,,,,,,,,,,,,,Western Sub-Saharan Africa,"10,702,114.00",Yorkshire and the Humber,43.28,,,,,,,,,,,,,,,,,,
,,,,,,,,,,,,,,,,,,,,,,,,,,,,,,,,,,,,,,,,,,,,,,,,,,,,,,,,,,,,,,Yemen,"7,299.47",Zambia,"870,815.30",,,,,,,,,,,,,,,,,,
,,,,,,,,,,,,,,,,,,,,,,,,,,,,,,,,,,,,,,,,,,,,,,,,,,,,,,,,,,,,,,Yorkshire and the Humber,684.36,Zimbabwe,"623,894.30",,,,,,,,,,,,,,,,,,
,,,,,,,,,,,,,,,,,,,,,,,,,,,,,,,,,,,,,,,,,,,,,,,,,,,,,,,,,,,,,,Zambia,"1,156,376.00",,,,,,,,,,,,,,,,,,,,
,,,,,,,,,,,,,,,,,,,,,,,,,,,,,,,,,,,,,,,,,,,,,,,,,,,,,,,,,,,,,,Zimbabwe,"1,902,673.00",,,,,,,,,,,,,,,,,,,,